Date,Equity
2016-01-01,1000.0000000000001
2016-01-02,998.9080464937383
2016-01-03,976.2192030147594
2016-01-04,960.5354139859561
2016-01-05,959.9180721331122
2016-01-06,945.1860256174273
2016-01-07,951.4009139961927
2016-01-08,1004.8314195104347
2016-01-09,981.3773514584973
2016-01-10,953.2303198248406
2016-01-11,945.682572302055
2016-01-12,924.0033156787222
2016-01-13,921.5358052556369
2016-01-14,910.3650587327613
2016-01-15,848.5804433263621
2016-01-16,861.312855223852
2016-01-17,859.537588104542
2016-01-18,843.9062252706414
2016-01-19,839.4019981305737
2016-01-20,948.2498327485234
2016-01-21,1018.6177235306843
2016-01-22,911.2489176516177
2016-01-23,908.0441383987246
2016-01-24,910.6834574196263
2016-01-25,894.7663882304543
2016-01-26,892.6473708463811
2016-01-27,891.2068027092992
2016-01-28,858.3280579268513
2016-01-29,857.2663350694463
2016-01-30,855.3719821805759
2016-01-31,832.1303091770765
2016-02-01,831.1983258502163
2016-02-02,829.8017634933522
2016-02-03,814.0532482029992
2016-02-04,819.5414328461911
2016-02-05,854.7477150393554
2016-02-06,799.9205115213081
2016-02-07,798.4637656699019
2016-02-08,796.8655771141089
2016-02-09,795.5995492327459
2016-02-10,794.9457592630706
2016-02-11,787.9511002453996
2016-02-12,787.0020629898393
2016-02-13,815.6129791011595
2016-02-14,805.303539994874
2016-02-15,814.5744269871143
2016-02-16,819.3037074977785
2016-02-17,864.8770636364253
2016-02-18,899.7037368085374
2016-02-19,862.901766916774
2016-02-20,866.0199026786753
2016-02-21,839.8936298095412
2016-02-22,827.2005016890314
2016-02-23,829.107299410601
2016-02-24,824.3899354162962
2016-02-25,823.6394318349442
2016-02-26,836.4914471296734
2016-02-27,845.9676751118759
2016-02-28,838.2056859667011
2016-02-29,837.4811291486953
2016-03-01,829.0026512392939
2016-03-02,833.7479610428234
2016-03-03,833.8729074178883
2016-03-04,836.519353433279
2016-03-05,829.0810468910184
2016-03-06,829.2397008961834
2016-03-07,857.6619636851842
2016-03-08,868.9920788987179
2016-03-09,868.1010135670253
2016-03-10,873.7823007792019
2016-03-11,897.4405768653203
2016-03-12,877.7957565360628
2016-03-13,876.5351289504682
2016-03-14,874.0361578417601
2016-03-15,869.7573716383397
2016-03-16,867.8545993490964
2016-03-17,877.4478448792668
2016-03-18,850.9976872568568
2016-03-19,848.9817547808041
2016-03-20,848.7757048519088
2016-03-21,837.4872496653599
2016-03-22,837.93678970805
2016-03-23,849.8795150559093
2016-03-24,832.2049546961276
2016-03-25,830.6957964861285
2016-03-26,830.1043716559014
2016-03-27,855.3810025468707
2016-03-28,863.386151327444
2016-03-29,839.0023165146318
2016-03-30,837.6404847970657
2016-03-31,837.1920388897598
2016-04-01,832.294635254249
2016-04-02,846.1568685212084
2016-04-03,841.2374281996944
2016-04-04,835.222602045306
2016-04-05,838.8556514797109
2016-04-06,841.4728707662831
2016-04-07,833.77295215432
2016-04-08,833.649811883944
2016-04-09,816.7359991311595
2016-04-10,815.2422030461547
2016-04-11,810.8340072781684
2016-04-12,825.4254559171343
2016-04-13,823.5947649155908
2016-04-14,823.1115935892244
2016-04-15,824.5624062548283
2016-04-16,823.5052733430532
2016-04-17,804.2002129408555
2016-04-18,803.7762479214307
2016-04-19,806.1087083331878
2016-04-20,836.631931352701
2016-04-21,872.025823072378
2016-04-22,879.1971284871183
2016-04-23,880.6451552194274
2016-04-24,920.9800406546474
2016-04-25,951.6342866033167
2016-04-26,975.5540836037005
2016-04-27,944.0466454321283
2016-04-28,941.6899942128828
2016-04-29,942.3377800180087
2016-04-30,944.6872823768024
2016-05-01,938.0589426987099
2016-05-02,940.3883792205478
2016-05-03,940.6691863584048
2016-05-04,940.8785687290875
2016-05-05,936.5130669468741
2016-05-06,940.9598888237734
2016-05-07,961.38766445104
2016-05-08,954.1938450970403
2016-05-09,953.2671363815529
2016-05-10,939.6841452470331
2016-05-11,939.0327853160356
2016-05-12,938.1856665251574
2016-05-13,937.2456256987678
2016-05-14,938.973087529723
2016-05-15,942.912550866429
2016-05-16,936.2294595403005
2016-05-17,934.8402919584502
2016-05-18,934.0858861881455
2016-05-19,907.9490782296249
2016-05-20,906.7822047990301
2016-05-21,903.5444148925844
2016-05-22,896.2473022289591
2016-05-23,895.6280342949806
2016-05-24,909.6722671954903
2016-05-25,921.3115480327288
2016-05-26,932.3743218247455
2016-05-27,1001.7867202123782
2016-05-28,1271.7764772496973
2016-05-29,1453.6934491538077
2016-05-30,1455.2259070445916
2016-05-31,1454.5094924030518
2016-06-01,1450.578097783221
2016-06-02,1459.8104700726442
2016-06-03,1559.9512332942268
2016-06-04,1667.2212775424996
2016-06-05,1657.7969415218156
2016-06-06,1656.4366585990144
2016-06-07,1657.7191636620144
2016-06-08,1656.13943053997
2016-06-09,1652.141302350789
2016-06-10,1650.584482826883
2016-06-11,1659.3829424978733
2016-06-12,1956.2307763312083
2016-06-13,2204.374480388143
2016-06-14,2170.680959867186
2016-06-15,2166.087474650457
2016-06-16,2441.9353217547014
2016-06-17,2503.7550381983447
2016-06-18,2542.0811993255784
2016-06-19,2540.525922552487
2016-06-20,2508.0737520559805
2016-06-21,2574.858000840058
2016-06-22,2635.866397693956
2016-06-23,2641.4152057584815
2016-06-24,2655.9197108177104
2016-06-25,2730.721974125041
2016-06-26,2600.8496351962576
2016-06-27,2565.201958795771
2016-06-28,2563.313383387429
2016-06-29,2503.200780775611
2016-06-30,2507.533395505318
2016-07-01,2612.4802010156086
2016-07-02,2675.094545971066
2016-07-03,2614.476982750473
2016-07-04,2615.177210738452
2016-07-05,2614.3031924527513
2016-07-06,2610.702824433698
2016-07-07,2477.8818305065033
2016-07-08,2478.9522855526056
2016-07-09,2469.220127661656
2016-07-10,2466.36670491697
2016-07-11,2456.631055642778
2016-07-12,2463.3163275013576
2016-07-13,2456.0578867481045
2016-07-14,2433.0595249740527
2016-07-15,2429.8902603564657
2016-07-16,2388.181965031964
2016-07-17,2388.369332552853
2016-07-18,2399.1308688826784
2016-07-19,2373.418891505331
2016-07-20,2366.973330877173
2016-07-21,2323.027540106912
2016-07-22,2261.4771476734695
2016-07-23,2249.5884523428294
2016-07-24,2225.260766183291
2016-07-25,2222.5167314012688
2016-07-26,2201.988053425105
2016-07-27,2190.0815521116583
2016-07-28,2201.3901218415517
2016-07-29,2199.9678699240617
2016-07-30,2180.139372902665
2016-07-31,2193.9824163014828
2016-08-01,2187.1758087896164
2016-08-02,2225.9003557987044
2016-08-03,2224.2773401953727
2016-08-04,2225.9734627067933
2016-08-05,2230.026691222274
2016-08-06,2239.838172728797
2016-08-07,2291.184056662951
2016-08-08,2279.2691979384886
2016-08-09,2277.82966766724
2016-08-10,2277.099390823352
2016-08-11,2271.030387568338
2016-08-12,2239.6170003919883
2016-08-13,2237.6256254721175
2016-08-14,2183.830609258537
2016-08-15,2182.625034939728
2016-08-16,2177.919336324897
2016-08-17,2185.1989649990464
2016-08-18,2181.4247460353863
2016-08-19,2180.1351709058827
2016-08-20,2193.3228093932034
2016-08-21,2204.054736334984
2016-08-22,2213.731605697927
2016-08-23,2216.170046357014
2016-08-24,2196.4682135036346
2016-08-25,2195.1180051669953
2016-08-26,2193.621775054293
2016-08-27,2193.0856185405055
2016-08-28,2192.133788469193
2016-08-29,2190.8205410851233
2016-08-30,2183.9485807261135
2016-08-31,2175.366637125039
2016-09-01,2083.591478666546
2016-09-02,2068.4000881962356
2016-09-03,2083.3451854439663
2016-09-04,2163.8576372095367
2016-09-05,2164.3859398436257
2016-09-06,2174.7894261615875
2016-09-07,2192.330655415878
2016-09-08,2245.9524303886096
2016-09-09,2257.7236843153714
2016-09-10,2257.434114022383
2016-09-11,2216.1965380961046
2016-09-12,2215.497829639193
2016-09-13,2204.6606407968848
2016-09-14,2202.918533438825
2016-09-15,2194.903030780718
2016-09-16,2192.9568616198712
2016-09-17,2192.2879895435954
2016-09-18,2191.722140547538
2016-09-19,2196.8325358462616
2016-09-20,2192.232279254331
2016-09-21,2196.3670351761684
2016-09-22,2195.0769453386492
2016-09-23,2194.9648016080096
2016-09-24,2210.415951719311
2016-09-25,2201.8768018304963
2016-09-26,2197.8364916067567
2016-09-27,2205.410903327748
2016-09-28,2202.2118187085816
2016-09-29,2201.11042876014
2016-09-30,2204.989393228086
2016-10-01,2228.5774462031895
2016-10-02,2224.8954544694143
2016-10-03,2202.4304462617556
2016-10-04,2196.811499625139
2016-10-05,2196.097899288694
2016-10-06,2198.68532963285
2016-10-07,2207.6259209941663
2016-10-08,2216.603969303892
2016-10-09,2212.4536422559922
2016-10-10,2212.070596812725
2016-10-11,2220.385671146233
2016-10-12,2257.8483039533057
2016-10-13,2249.1894815551277
2016-10-14,2248.7924424712655
2016-10-15,2249.915357709526
2016-10-16,2254.2262700652927
2016-10-17,2252.08081928512
2016-10-18,2251.1806415438396
2016-10-19,2253.7386364205163
2016-10-20,2252.9662764266977
2016-10-21,2244.6354791467356
2016-10-22,2323.6802834645955
2016-10-23,2380.4188734900195
2016-10-24,2367.0816927238448
2016-10-25,2365.9378390357415
2016-10-26,2418.3292774093757
2016-10-27,2487.682623736274
2016-10-28,2506.504941790944
2016-10-29,2612.773663693669
2016-10-30,2618.5037034130974
2016-10-31,2591.0979561836357
2016-11-01,2606.632505988463
2016-11-02,2607.1178209850996
2016-11-03,2584.621748817196
2016-11-04,2586.6213034830776
2016-11-05,2585.2715740054955
2016-11-06,2603.350855316169
2016-11-07,2596.8211647959024
2016-11-08,2594.900231195531
2016-11-09,2670.7730344072047
2016-11-10,2628.777152822463
2016-11-11,2626.097015904261
2016-11-12,2628.0176004728523
2016-11-13,2627.890395551937
2016-11-14,2626.1832461496906
2016-11-15,2658.5044182269303
2016-11-16,2753.9270458993797
2016-11-17,2849.1362810175224
2016-11-18,2831.622930093493
2016-11-19,2830.071974633308
2016-11-20,2838.3201900800987
2016-11-21,2827.523258908647
2016-11-22,2827.146238247157
2016-11-23,2827.9521448346295
2016-11-24,2802.7201837931307
2016-11-25,2794.497303974579
2016-11-26,2792.6322745611324
2016-11-27,2791.3200962415895
2016-11-28,2779.682226782138
2016-11-29,2778.203731674729
2016-11-30,2805.2241655449434
2016-12-01,2837.901921268503
2016-12-02,2924.7493352837228
2016-12-03,2873.9841959265696
2016-12-04,2866.070039325818
2016-12-05,2872.1989356755184
2016-12-06,2870.1231729210463
2016-12-07,2866.0999076204566
2016-12-08,2884.8137274672713
2016-12-09,2887.7879917638434
2016-12-10,2897.2828863884333
2016-12-11,2874.789679191576
2016-12-12,2870.1631854872794
2016-12-13,2868.4659148398696
2016-12-14,2850.9009356138404
2016-12-15,2849.9558588503587
2016-12-16,2830.3344293013215
2016-12-17,2858.764650159981
2016-12-18,2867.384435183598
2016-12-19,2868.980943440835
2016-12-20,2872.2462064434208
2016-12-21,2996.64796009187
2016-12-22,3217.0348275894453
2016-12-23,3497.161103747669
2016-12-24,3568.5101310474065
2016-12-25,3414.8131612654774
2016-12-26,3413.0150878034974
2016-12-27,3415.953747970513
2016-12-28,3582.598228344278
2016-12-29,3639.0648364096305
2016-12-30,3575.460909646694
2016-12-31,3573.3728972975077
2017-01-01,3578.2503641338644
2017-01-02,3726.4077516192056
2017-01-03,3819.1792469165666
2017-01-04,4262.475277318228
2017-01-05,4135.067770828659
2017-01-06,4243.315591928143
2017-01-07,4259.379885124809
2017-01-08,4259.90930512172
2017-01-09,4170.375945274148
2017-01-10,4166.300146575809
2017-01-11,3963.5186480701077
2017-01-12,3968.707541436691
2017-01-13,3967.039414865926
2017-01-14,4059.3085342645436
2017-01-15,4026.4794483663627
2017-01-16,4023.0265243991876
2017-01-17,4264.654187640874
2017-01-18,4354.509782570074
2017-01-19,4385.854458248507
2017-01-20,4369.484777079462
2017-01-21,4364.058575437248
2017-01-22,4372.992985267774
2017-01-23,4390.577150896258
2017-01-24,4319.006466948746
2017-01-25,4314.603921834154
2017-01-26,4308.477271619669
2017-01-27,4295.0986983388575
2017-01-28,4302.339660613692
2017-01-29,4294.576812784711
2017-01-30,4290.188921062932
2017-01-31,4293.788861648971
2017-02-01,4289.971098684127
2017-02-02,4377.407912777609
2017-02-03,4439.384861784172
2017-02-04,4393.4955220255015
2017-02-05,4316.640018838922
2017-02-06,4330.70904714823
2017-02-07,4404.986215317273
2017-02-08,4438.03977608219
2017-02-09,4271.511647053192
2017-02-10,4077.5789527796423
2017-02-11,4070.0964528044256
2017-02-12,4066.1990306034268
2017-02-13,4010.812792350161
2017-02-14,4008.969212459605
2017-02-15,4034.6281079387095
2017-02-16,4030.7703458228075
2017-02-17,4111.641372789447
2017-02-18,4182.32389617184
2017-02-19,4160.42669348744
2017-02-20,4158.978336122858
2017-02-21,4330.782854126485
2017-02-22,4406.002115932551
2017-02-23,4575.874987256222
2017-02-24,4680.6976318375655
2017-02-25,4598.697569547611
2017-02-26,4597.322921125555
2017-02-27,4595.990476572918
2017-02-28,4592.993502270845
2017-03-01,4683.466662208963
2017-03-02,4837.058098800646
2017-03-03,4971.58418716871
2017-03-04,4917.439559861753
2017-03-05,4913.00328955977
2017-03-06,4910.552775869747
2017-03-07,4934.184595211596
2017-03-08,4993.960478453623
2017-03-09,4998.094103968755
2017-03-10,5040.757635649706
2017-03-11,4923.333149250651
2017-03-12,4934.496863007904
2017-03-13,5050.867223131783
2017-03-14,5072.596800840229
2017-03-15,5129.238002639953
2017-03-16,4964.064075151504
2017-03-17,5032.450817275865
2017-03-18,5158.154473256338
2017-03-19,5178.2417034046375
2017-03-20,5176.320141962592
2017-03-21,5384.237485585967
2017-03-22,5293.891978073245
2017-03-23,5283.998334172239
2017-03-24,5339.140417412031
2017-03-25,5336.205907209222
2017-03-26,5333.426714181736
2017-03-27,5501.0222125957935
2017-03-28,5683.931143506519
2017-03-29,5621.717228566656
2017-03-30,5617.384325087667
2017-03-31,5616.6760269996685
2017-04-01,5609.532295947648
2017-04-02,5679.308426397748
2017-04-03,5863.29565794566
2017-04-04,5915.433340172267
2017-04-05,5836.329690437005
2017-04-06,5840.826187844342
2017-04-07,5814.012629482981
2017-04-08,5796.401585281994
2017-04-09,5767.105602683154
2017-04-10,5746.5044353401245
2017-04-11,5797.159047354002
2017-04-12,5812.1982689215765
2017-04-13,5708.632162222927
2017-04-14,5703.086346644217
2017-04-15,5682.389110275184
2017-04-16,5653.568532058123
2017-04-17,5545.230962185398
2017-04-18,5618.935168134391
2017-04-19,5636.679855563378
2017-04-20,5675.204271893034
2017-04-21,5631.29537353772
2017-04-22,5606.689589922518
2017-04-23,5466.777249680392
2017-04-24,5462.765273003508
2017-04-25,5586.958019196503
2017-04-26,5608.251225166979
2017-04-27,5715.255894745529
2017-04-28,5770.176414862532
2017-04-29,5810.872905086095
2017-04-30,5845.201574769433
2017-05-01,6221.862651583182
2017-05-02,6554.072642537516
2017-05-03,6712.656826152177
2017-05-04,7261.341290737433
2017-05-05,7433.5056428085845
2017-05-06,7318.051610972587
2017-05-07,7310.493948719305
2017-05-08,7415.445951858026
2017-05-09,7950.508632037562
2017-05-10,7830.872650903151
2017-05-11,7843.483430311808
2017-05-12,7801.233274000006
2017-05-13,7790.586232934349
2017-05-14,7792.581850209019
2017-05-15,7644.7107234623145
2017-05-16,7644.657125452861
2017-05-17,7674.271778584889
2017-05-18,8109.231357580331
2017-05-19,8598.368607118582
2017-05-20,9074.270752673743
2017-05-21,9372.680570523755
2017-05-22,9904.36529722888
2017-05-23,10477.465876790819
2017-05-24,11651.256405351238
2017-05-25,12431.160213512449
2017-05-26,11043.783946773407
2017-05-27,11220.447714580925
2017-05-28,11239.76741207574
2017-05-29,11241.120758884947
2017-05-30,11299.759979726674
2017-05-31,11360.39015330968
2017-06-01,12063.829276575303
2017-06-02,12390.962303427772
2017-06-03,12775.377923789692
2017-06-04,12863.263873042415
2017-06-05,13342.108887992119
2017-06-06,14843.212954816934
2017-06-07,14457.000521983997
2017-06-08,14448.396486039566
2017-06-09,14444.399326878913
2017-06-10,14439.152968967246
2017-06-11,14646.179997487938
2017-06-12,14071.171286636467
2017-06-13,14059.307327097562
2017-06-14,14138.693100552904
2017-06-15,14168.914558656126
2017-06-16,14133.873029007858
2017-06-17,14751.754369588481
2017-06-18,14773.404863470796
2017-06-19,14829.972561940218
2017-06-20,15202.496762314178
2017-06-21,15373.190173014837
2017-06-22,15135.073748735475
2017-06-23,15094.11885816787
2017-06-24,14754.978935081734
2017-06-25,14711.033572207874
2017-06-26,14646.6587452776
2017-06-27,14611.00349537421
2017-06-28,14582.639678328276
2017-06-29,14578.463998006762
2017-06-30,14400.308948333226
2017-07-01,14360.132479347169
2017-07-02,14347.144261591955
2017-07-03,14348.4389916508
2017-07-04,14619.53970739162
2017-07-05,14462.748709156846
2017-07-06,14378.596871620357
2017-07-07,14872.538775555036
2017-07-08,13996.566134622615
2017-07-09,13993.083351994617
2017-07-10,13318.376600613585
2017-07-11,13313.569838134943
2017-07-12,13143.724414400822
2017-07-13,13128.060019021328
2017-07-14,12559.446091202448
2017-07-15,12766.689978657017
2017-07-16,12785.198648624862
2017-07-17,13053.37828250153
2017-07-18,14020.33122836252
2017-07-19,14296.475051451678
2017-07-20,16210.359962585204
2017-07-21,17114.687055736675
2017-07-22,17315.247691324443
2017-07-23,17201.207256547026
2017-07-24,17157.16327031531
2017-07-25,17198.858957126886
2017-07-26,17172.904866159704
2017-07-27,17182.94089966963
2017-07-28,18106.96881698617
2017-07-29,17897.09243056905
2017-07-30,17876.61667684116
2017-07-31,17875.433053217574
2017-08-01,17885.23552543566
2017-08-02,17869.227902108214
2017-08-03,17863.669681340023
2017-08-04,18228.52909471155
2017-08-05,19736.616587142893
2017-08-06,20514.73792637619
2017-08-07,20894.724883841747
2017-08-08,21619.959321604412
2017-08-09,21077.3360092086
2017-08-10,21050.202279462304
2017-08-11,21086.250177851885
2017-08-12,22418.3938945399
2017-08-13,23727.271217594658
2017-08-14,24184.60689487093
2017-08-15,24302.1015019548
2017-08-16,24110.172225260307
2017-08-17,25148.846263564134
2017-08-18,24127.513767287848
2017-08-19,23310.535911646195
2017-08-20,23218.721097029345
2017-08-21,23197.24924021647
2017-08-22,23155.20142558935
2017-08-23,23166.89844576324
2017-08-24,23410.640623547355
2017-08-25,23998.524180668384
2017-08-26,23665.608247579716
2017-08-27,23618.46482782798
2017-08-28,23301.996963744212
2017-08-29,23321.651356422808
2017-08-30,23582.180262760845
2017-08-31,23860.013728122016
2017-09-01,24560.266599787028
2017-09-02,24428.26058057828
2017-09-03,24420.463357789253
2017-09-04,24347.394702052392
2017-09-05,24343.863585133404
2017-09-06,24360.273021284193
2017-09-07,24709.673479046374
2017-09-08,23935.516928742873
2017-09-09,23931.219371823856
2017-09-10,23812.503916571266
2017-09-11,23703.02832905983
2017-09-12,23792.121395511323
2017-09-13,22593.32534822772
2017-09-14,23503.952208880917
2017-09-15,23814.896310347503
2017-09-16,23830.168420677568
2017-09-17,23328.571223144052
2017-09-18,23589.3111892682
2017-09-19,24328.314884781223
2017-09-20,24106.696641280007
2017-09-21,24160.066609019952
2017-09-22,24139.548142230917
2017-09-23,24119.19787959666
2017-09-24,24230.427906132456
2017-09-25,24712.76262541572
2017-09-26,25239.88114158105
2017-09-27,25996.88950101904
2017-09-28,26764.682651342366
2017-09-29,26358.841550196827
2017-09-30,26353.563556874968
2017-10-01,26703.889527769577
2017-10-02,27069.693832745284
2017-10-03,26638.66455895998
2017-10-04,26521.84842702042
2017-10-05,26489.219101399744
2017-10-06,26426.55952070075
2017-10-07,26485.41735425731
2017-10-08,27043.095963191983
2017-10-09,28128.305278307293
2017-10-10,28757.94253067845
2017-10-11,28560.84488849195
2017-10-12,28808.554288974206
2017-10-13,28742.274142296075
2017-10-14,27827.820328462323
2017-10-15,27133.827358741706
2017-10-16,27101.40170980336
2017-10-17,27099.09924279355
2017-10-18,26665.673206437295
2017-10-19,26588.216227581746
2017-10-20,27598.531203092447
2017-10-21,28459.380287724744
2017-10-22,27679.86757676978
2017-10-23,27664.285403156664
2017-10-24,27883.657151288524
2017-10-25,27796.742756451313
2017-10-26,27789.733471758835
2017-10-27,27684.887179513255
2017-10-28,27312.426590974497
2017-10-29,27435.5885902589
2017-10-30,28041.52783416437
2017-10-31,28880.603835844333
2017-11-01,30377.888669164116
2017-11-02,33079.09601584725
2017-11-03,34020.46620139489
2017-11-04,34185.928490398524
2017-11-05,35504.92218776289
2017-11-06,34098.66208871777
2017-11-07,34043.253736745944
2017-11-08,34064.3777187148
2017-11-09,34199.113486369024
2017-11-10,34558.9278198261
2017-11-11,34128.21994857921
2017-11-12,34334.28300034093
2017-11-13,34635.918425927666
2017-11-14,35968.005875404604
2017-11-15,38202.733232699204
2017-11-16,41556.75170658085
2017-11-17,42822.03928567575
2017-11-18,42128.70230052275
2017-11-19,42051.36505013304
2017-11-20,43222.615150688915
2017-11-21,42768.995099380656
2017-11-22,42719.818579030994
2017-11-23,42269.393096886626
2017-11-24,42210.03288098452
2017-11-25,43918.60272669072
2017-11-26,47357.79525839811
2017-11-27,49820.556356371744
2017-11-28,51715.90426726555
2017-11-29,55583.54955090278
2017-11-30,51967.3027619543
2017-12-01,52067.55084068436
2017-12-02,55651.786434295376
2017-12-03,56929.67944888088
2017-12-04,56942.03392780124
2017-12-05,59359.747329271144
2017-12-06,68172.50624035903
2017-12-07,87929.28833912793
2017-12-08,90797.22703654325
2017-12-09,83388.46348778876
2017-12-10,82766.22772152183
2017-12-11,82877.96595426959
2017-12-12,82212.97287918482
2017-12-13,80735.57588037872
2017-12-14,80650.41549512127
2017-12-15,80379.85440277589
2017-12-16,86883.52168820016
2017-12-17,91793.25836129191
2017-12-18,87983.06406143637
2017-12-19,88609.7597213599
2017-12-20,89145.19668411267
2017-12-21,89302.34790558595
2017-12-22,90882.01647457368
2017-12-23,90794.92486467405
2017-12-24,85581.62071885297
2017-12-25,85409.02674600121
2017-12-26,92471.19198809816
2017-12-27,96792.25927124018
2017-12-28,90695.03760795051
2017-12-29,90560.4260896992
2017-12-30,91284.34607638756
2017-12-31,91289.96680416117
2018-01-01,91629.65293397185
2018-01-02,95467.12721065976
2018-01-03,100472.99263099255
2018-01-04,99922.95501738886
2018-01-05,99041.43634326813
2018-01-06,96517.72403135344
2018-01-07,94183.7392078301
2018-01-08,94181.16139778885
2018-01-09,94155.96642568713
2018-01-10,93675.72708516548
2018-01-11,94086.64075114045
2018-01-12,93996.4305539879
2018-01-13,93953.81347042839
2018-01-14,91507.11937064145
2018-01-15,90877.18163183046
2018-01-16,81936.70127858705
2018-01-17,82055.97431880885
2018-01-18,82015.78688512015
2018-01-19,82160.46020478531
2018-01-20,86783.04694926174
2018-01-21,84883.05292976474
2018-01-22,84817.7634838056
2018-01-23,84685.80428267352
2018-01-24,84710.39666658148
2018-01-25,85679.76492086705
2018-01-26,83716.51953099275
2018-01-27,83500.55868347822
2018-01-28,85867.43526681133
2018-01-29,84053.23602687151
2018-01-30,84120.93661030216
2018-01-31,84095.59539669915
2018-02-01,84000.62386875818
2018-02-02,84106.28628902647
2018-02-03,84102.87419125634
2018-02-04,82881.10259282896
2018-02-05,83626.66201235696
2018-02-06,84092.95057638377
2018-02-07,84069.6024565482
2018-02-08,85474.37684922967
2018-02-09,86662.79485024934
2018-02-10,88575.00365391503
2018-02-11,86045.25003836905
2018-02-12,86288.6758857427
2018-02-13,86985.73826479017
2018-02-14,89170.15596391038
2018-02-15,92613.06241752562
2018-02-16,94048.43347259547
2018-02-17,97563.30336047917
2018-02-18,98752.57011960034
2018-02-19,98810.19400323067
2018-02-20,102809.06596461439
2018-02-21,98671.47383156102
2018-02-22,98783.44105527324
2018-02-23,98693.45183448674
2018-02-24,98700.26359029728
2018-02-25,98664.86640487908
2018-02-26,98769.94159114217
2018-02-27,101753.17599829643
2018-02-28,102644.09467667181
2018-03-01,102024.31492368144
2018-03-02,101970.35206732227
2018-03-03,102706.74521907858
2018-03-04,102867.07433683859
2018-03-05,104085.454733719
2018-03-06,101237.35647442301
2018-03-07,100110.56309704224
2018-03-08,99869.6998795356
2018-03-09,99899.86926043741
2018-03-10,99739.15619141496
2018-03-11,99710.16410987194
2018-03-12,99741.66703472423
2018-03-13,98380.26436303169
2018-03-14,98490.91218502051
2018-03-15,98466.07602675221
2018-03-16,98014.92681134293
2018-03-17,96780.53477998055
2018-03-18,96831.55025234546
2018-03-19,96656.25414225711
2018-03-20,98040.50295931168
2018-03-21,99296.58180573401
2018-03-22,98300.3958010553
2018-03-23,98146.86441177162
2018-03-24,97954.46773132199
2018-03-25,96599.11966184163
2018-03-26,96540.22145661892
2018-03-27,96588.73445501427
2018-03-28,96296.81712862503
2018-03-29,96604.10890543449
2018-03-30,96671.40022583355
2018-03-31,96496.34571821537
2018-04-01,95286.20921029274
2018-04-02,95261.30866513099
2018-04-03,96994.16785372118
2018-04-04,96284.90953685559
2018-04-05,96174.55328949448
2018-04-06,95994.55858216129
2018-04-07,95990.0494230641
2018-04-08,96841.54967249805
2018-04-09,96295.14576064954
2018-04-10,95977.40089575373
2018-04-11,95953.5265291945
2018-04-12,98866.87126922412
2018-04-13,101772.61389908289
2018-04-14,101875.61245191174
2018-04-15,102938.97762390156
2018-04-16,102725.76812531319
2018-04-17,102641.99692039166
2018-04-18,102547.43690731951
2018-04-19,102479.51099889351
2018-04-20,104331.17169398615
2018-04-21,105626.0284717358
2018-04-22,105932.2921213471
2018-04-23,105787.70623772603
2018-04-24,106083.9782641065
2018-04-25,106409.644353249
2018-04-26,106351.89942140537
2018-04-27,106372.86217219521
2018-04-28,105738.51111873696
2018-04-29,105582.38238553095
2018-04-30,105392.70332566967
2018-05-01,105351.70353474362
2018-05-02,105281.61891984794
2018-05-03,107003.28164692922
2018-05-04,107454.6422139117
2018-05-05,108169.57075209668
2018-05-06,107440.93903151274
2018-05-07,107465.86237963257
2018-05-08,107466.8300504558
2018-05-09,107307.29431965902
2018-05-10,107366.17084547556
2018-05-11,105327.11488914976
2018-05-12,104536.724479653
2018-05-13,104539.77850834824
2018-05-14,104696.52988725633
2018-05-15,104713.69328118244
2018-05-16,103204.23951758773
2018-05-17,103220.78518055863
2018-05-18,103157.70027622755
2018-05-19,103119.27829012269
2018-05-20,103404.17480980919
2018-05-21,103751.54770081915
2018-05-22,102640.3055759267
2018-05-23,102826.12132274128
2018-05-24,102385.0009975195
2018-05-25,101922.25826094826
2018-05-26,101711.35008479902
2018-05-27,101664.74174128173
2018-05-28,101540.26298692872
2018-05-29,101695.91647099725
2018-05-30,102292.59953843443
2018-05-31,102490.427219914
2018-06-01,102557.26701104782
2018-06-02,102753.0055277085
2018-06-03,103192.3555034061
2018-06-04,102799.61967479339
2018-06-05,102814.73514462181
2018-06-06,102766.56541723489
2018-06-07,103229.63458668161
2018-06-08,102872.81822289825
2018-06-09,102811.09458211545
2018-06-10,103266.19212145465
2018-06-11,103303.56612926803
2018-06-12,103314.06803381794
2018-06-13,103357.27564607759
2018-06-14,103504.73171537933
2018-06-15,103684.00996343825
2018-06-16,103374.59782590128
2018-06-17,103317.80199482848
2018-06-18,103716.66688438957
2018-06-19,104355.3616351699
2018-06-20,104093.60917732558
2018-06-21,103989.11451378238
2018-06-22,102529.57273804101
2018-06-23,102540.01855339785
2018-06-24,102526.06782347047
2018-06-25,102527.95341133137
2018-06-26,102374.3085748098
2018-06-27,102335.74175588011
2018-06-28,102251.54032861732
2018-06-29,102386.10929966594
2018-06-30,103801.49856274038
2018-07-01,103882.66865507117
2018-07-02,104605.709718261
2018-07-03,104919.93237164582
2018-07-04,105164.863811426
2018-07-05,105331.02549620722
2018-07-06,105142.68865279006
2018-07-07,105166.52835063028
2018-07-08,105597.67469964048
2018-07-09,105400.19424043068
2018-07-10,105070.68459692971
2018-07-11,105046.48531402531
2018-07-12,104956.60021937333
2018-07-13,104876.74885154501
2018-07-14,104724.52463569786
2018-07-15,105009.27030325566
2018-07-16,106213.29255704879
2018-07-17,109033.8348543648
2018-07-18,111105.73018505407
2018-07-19,111012.0619417269
2018-07-20,111006.84581003214
2018-07-21,110472.36719812648
2018-07-22,109775.78209143723
2018-07-23,110419.42784155523
2018-07-24,113126.36207609417
2018-07-25,114196.33585504969
2018-07-26,113268.5273310043
2018-07-27,113261.3724675522
2018-07-28,113069.2127332214
2018-07-29,112932.70924134165
2018-07-30,112293.09105380914
2018-07-31,112480.34945577633
2018-08-01,112470.8325417282
2018-08-02,112436.72939243776
2018-08-03,112449.75938472114
2018-08-04,112626.9030194691
2018-08-05,112622.41924286408
2018-08-06,112580.17921282971
2018-08-07,112215.6100612924
2018-08-08,112474.44477736644
2018-08-09,112351.21083389342
2018-08-10,112488.49901059002
2018-08-11,112453.41302807906
2018-08-12,112430.45628147188
2018-08-13,112680.93041831604
2018-08-14,111473.62297274417
2018-08-15,111335.69050827151
2018-08-16,110820.62561713594
2018-08-17,110887.210487867
2018-08-18,111019.49872592946
2018-08-19,110840.16814655
2018-08-20,110844.48132483085
2018-08-21,110875.82657814785
2018-08-22,110774.57975333542
2018-08-23,109827.41549910721
2018-08-24,109863.52949210307
2018-08-25,110455.67494578479
2018-08-26,110146.6598967124
2018-08-27,110188.96660591707
2018-08-28,111217.10898071913
2018-08-29,111424.07581250521
2018-08-30,110842.66765970405
2018-08-31,110813.70915345795
2018-09-01,111532.23410768725
2018-09-02,111886.59791419993
2018-09-03,111878.85550413103
2018-09-04,112163.40218361287
2018-09-05,111382.87576205132
2018-09-06,111494.7346803578
2018-09-07,111218.86883013083
2018-09-08,111189.96840825173
2018-09-09,110973.96396117884
2018-09-10,110939.92323889483
2018-09-11,110903.1021648403
2018-09-12,110887.28502431807
2018-09-13,110899.69248152256
2018-09-14,111238.95971879004
2018-09-15,111229.44127460191
2018-09-16,111001.02651070507
2018-09-17,111041.08426709191
2018-09-18,111030.19949006266
2018-09-19,110952.85474266323
2018-09-20,111523.38997944904
2018-09-21,112437.87745364336
2018-09-22,112746.79581064575
2018-09-23,112717.18123494701
2018-09-24,112325.08542361044
2018-09-25,112349.60490456388
2018-09-26,112285.10952374911
2018-09-27,112260.97792473108
2018-09-28,112714.36988001868
2018-09-29,112163.96369242805
2018-09-30,112142.77303187532
2018-10-01,112066.02322521401
2018-10-02,112036.06487615584
2018-10-03,112023.78163702635
2018-10-04,112002.48417059302
2018-10-05,111661.11041979285
2018-10-06,111552.54824301702
2018-10-07,111512.58819971871
2018-10-08,111328.33474299026
2018-10-09,111344.56794072206
2018-10-10,111150.5707921831
2018-10-11,111445.84001922906
2018-10-12,111443.45570879673
2018-10-13,111364.85175168226
2018-10-14,111520.003593111
2018-10-15,113075.3675276959
2018-10-16,113115.85043772841
2018-10-17,112657.3077674912
2018-10-18,112641.7293621885
2018-10-19,112629.32025994925
2018-10-20,112584.18248189098
2018-10-21,112649.0374303767
2018-10-22,112580.22635929949
2018-10-23,112569.09571782703
2018-10-24,112530.27360961083
2018-10-25,112463.81222089141
2018-10-26,112446.37508057595
2018-10-27,112344.76876335921
2018-10-28,112309.26834015052
2018-10-29,112360.5284732388
2018-10-30,112350.60108843732
2018-10-31,112338.27459794964
2018-11-01,112344.40370640904
2018-11-02,112036.04125779546
2018-11-03,112009.83191117136
2018-11-04,111864.07807325883
2018-11-05,111863.2505668109
2018-11-06,111917.90884994411
2018-11-07,112246.50466831525
2018-11-08,112145.69663024461
2018-11-09,112142.35154453639
2018-11-10,111796.69290879995
2018-11-11,111787.59493086759
2018-11-12,111785.18063401064
2018-11-13,111654.80633265871
2018-11-14,112530.48849134278
2018-11-15,112615.92983199575
2018-11-16,112608.35407346442
2018-11-17,112466.31958958859
2018-11-18,112477.33683473084
2018-11-19,111836.5679932083
2018-11-20,112213.6588495166
2018-11-21,112263.55313506752
2018-11-22,112295.02180092233
2018-11-23,112296.49229066489
2018-11-24,112538.67267030485
2018-11-25,112605.2922379582
2018-11-26,112619.8509932711
2018-11-27,112076.31920853548
2018-11-28,112438.96408676528
2018-11-29,113291.87733458419
2018-11-30,112575.1425448333
2018-12-01,112625.84552394602
2018-12-02,112931.58725234392
2018-12-03,111925.65816179856
2018-12-04,111921.49684656077
2018-12-05,111920.34616421949
2018-12-06,111939.16684203772
2018-12-07,111949.16483043894
2018-12-08,111953.86745227133
2018-12-09,112738.37996314764
2018-12-10,112619.2475984298
2018-12-11,112600.04515326858
2018-12-12,112604.45543635884
2018-12-13,112599.46931943133
2018-12-14,112483.70038099273
2018-12-15,112473.3834533992
2018-12-16,112465.24296878504
2018-12-17,113391.7720707896
2018-12-18,114306.42278258652
2018-12-19,115271.04081580612
2018-12-20,116147.20122439638
2018-12-21,116546.30703051863
2018-12-22,115968.46398554723
2018-12-23,115953.3255933632
2018-12-24,116200.81688396205
2018-12-25,115207.51518138932
2018-12-26,115126.17001032845
2018-12-27,115166.69872390016
2018-12-28,115010.706272137
2018-12-29,115458.04060945363
2018-12-30,115156.30498395948
2018-12-31,115105.34011510956
2019-01-01,115104.47931345417
2019-01-02,115028.53746012537
2019-01-03,115015.27261531666
2019-01-04,114938.94183989083
2019-01-05,114822.29037454443
2019-01-06,115279.45704102558
2019-01-07,115752.39019199852
2019-01-08,115688.95735140951
2019-01-09,115641.7461848908
2019-01-10,115844.51359455752
2019-01-11,115839.46903675479
2019-01-12,115763.60879501898
2019-01-13,115762.23432444649
2019-01-14,115777.46664777055
2019-01-15,115920.46138973016
2019-01-16,115680.33918480761
2019-01-17,115628.51729896065
2019-01-18,115610.87478417088
2019-01-19,115574.66392067868
2019-01-20,115303.2680665195
2019-01-21,115266.03391491722
2019-01-22,115257.78618023972
2019-01-23,115230.84114910976
2019-01-24,115099.67574576968
2019-01-25,115083.75409915925
2019-01-26,115129.12340669033
2019-01-27,114788.34376727187
2019-01-28,114792.9770915847
2019-01-29,114780.46820826147
2019-01-30,114749.18807279636
2019-01-31,114775.54815223924
2019-02-01,114697.84904034235
2019-02-02,114675.15968342198
2019-02-03,114620.85360593523
2019-02-04,114612.64826450698
2019-02-05,114457.39275218325
2019-02-06,114311.5661081073
2019-02-07,114302.22628275634
2019-02-08,114539.97850310053
2019-02-09,114771.01424541148
2019-02-10,114787.42419358657
2019-02-11,114787.52419314598
2019-02-12,114614.25250834522
2019-02-13,114522.6894859735
2019-02-14,114495.84672446546
2019-02-15,114486.19646299831
2019-02-16,114503.93006507399
2019-02-17,114573.4858795157
2019-02-18,115452.40930367309
2019-02-19,116200.17308820348
2019-02-20,116213.51479449074
2019-02-21,116280.15731244041
2019-02-22,116293.2519875909
2019-02-23,116829.6243204657
2019-02-24,116712.84225504732
2019-02-25,116726.39247431015
2019-02-26,116717.21744661113
2019-02-27,116661.8278030612
2019-02-28,116648.52266149549
2019-03-01,116653.76605794045
2019-03-02,116518.67713345547
2019-03-03,116509.99114874544
2019-03-04,116271.24752821395
2019-03-05,116285.85431782124
2019-03-06,116278.0212855445
2019-03-07,116364.90998208353
2019-03-08,116323.78298032924
2019-03-09,116315.3866938676
2019-03-10,116119.82095425586
2019-03-11,116040.26798063732
2019-03-12,116031.36474532749
2019-03-13,116014.50096417894
2019-03-14,116071.57968220717
2019-03-15,116140.30632951515
2019-03-16,116507.71110893477
2019-03-17,116554.67757147488
2019-03-18,116594.27174027605
2019-03-19,116645.29713204912
2019-03-20,116501.86108771818
2019-03-21,116457.24284558647
2019-03-22,116440.36860129097
2019-03-23,116424.6620350585
2019-03-24,116408.73799325559
2019-03-25,116350.6655201586
2019-03-26,115883.86039588225
2019-03-27,115906.86361193651
2019-03-28,116051.0801413751
2019-03-29,116075.09145179662
2019-03-30,116543.53198897971
2019-03-31,116182.37614188815
2019-04-01,116187.33243444207
2019-04-02,119247.42023102156
2019-04-03,122417.80089298217
2019-04-04,121491.3513030776
2019-04-05,121484.68733252886
2019-04-06,121994.39595948058
2019-04-07,122199.63594926336
2019-04-08,122634.77581801028
2019-04-09,122615.53190278992
2019-04-10,122589.4239035362
2019-04-11,122164.97081878681
2019-04-12,122156.80265931957
2019-04-13,122143.7395055522
2019-04-14,122242.58939630273
2019-04-15,122209.9996406892
2019-04-16,122210.60237715708
2019-04-17,122662.03554679286
2019-04-18,122831.85383181367
2019-04-19,122815.33099090279
2019-04-20,122776.9059255562
2019-04-21,122763.2114704075
2019-04-22,122746.66516372167
2019-04-23,123496.76709586619
2019-04-24,123581.67052573612
2019-04-25,122873.75769008174
2019-04-26,122848.72795860894
2019-04-27,122828.87544433898
2019-04-28,122812.07484143037
2019-04-29,122675.82447300003
2019-04-30,122660.29031101757
2019-05-01,123062.52065625935
2019-05-02,122239.82086753042
2019-05-03,123431.61729020983
2019-05-04,123884.34296603895
2019-05-05,123887.47295572281
2019-05-06,123649.23295958107
2019-05-07,123616.51604578909
2019-05-08,123749.35977250709
2019-05-09,124639.3903526264
2019-05-10,125746.27433559296
2019-05-11,129373.06420513638
2019-05-12,131331.20877216503
2019-05-13,133751.50672505324
2019-05-14,137117.08255607318
2019-05-15,137585.13729078526
2019-05-16,137428.91193733134
2019-05-17,137843.61093805218
2019-05-18,137842.36049001085
2019-05-19,138402.8373453596
2019-05-20,139294.20207789284
2019-05-21,139322.3520030869
2019-05-22,138670.779641898
2019-05-23,138631.14975695548
2019-05-24,138566.51136170753
2019-05-25,138366.36556795368
2019-05-26,139781.33611573704
2019-05-27,142207.98068526643
2019-05-28,141835.65598336834
2019-05-29,141801.49319191845
2019-05-30,141914.8200163443
2019-05-31,141899.8652618312
2019-06-01,141879.15668254218
2019-06-02,142437.06585726442
2019-06-03,141626.36166528397
2019-06-04,141872.77432749842
2019-06-05,141826.37925349423
2019-06-06,141794.0491019884
2019-06-07,141765.73938154703
2019-06-08,141726.37472755395
2019-06-09,141740.08510228977
2019-06-10,141187.17849872174
2019-06-11,141541.46918218228
2019-06-12,141596.80010647193
2019-06-13,142398.03894494218
2019-06-14,143760.1872846051
2019-06-15,145224.39092722014
2019-06-16,146809.12059887516
2019-06-17,147555.00987350615
2019-06-18,146725.41710335817
2019-06-19,146644.79165872006
2019-06-20,147719.23783737354
2019-06-21,149865.33898063604
2019-06-22,154277.15235268982
2019-06-23,155844.9942085085
2019-06-24,155434.22920217778
2019-06-25,155401.1239817357
2019-06-26,156292.31658074795
2019-06-27,154164.35935634063
2019-06-28,154636.92881137613
2019-06-29,154571.68693698218
2019-06-30,152918.23764041925
2019-07-01,152994.84757295233
2019-07-02,152957.80639634776
2019-07-03,153213.5167107399
2019-07-04,154136.12282779286
2019-07-05,151868.8432439346
2019-07-06,151813.5707164599
2019-07-07,151966.0789250044
2019-07-08,154706.8157320209
2019-07-09,157919.58461924936
2019-07-10,157477.44192441547
2019-07-11,157799.23377896333
2019-07-12,157765.802132278
2019-07-13,157823.17125519508
2019-07-14,158291.02354703302
2019-07-15,158369.2852289716
2019-07-16,159134.8631818032
2019-07-17,159122.77145493263
2019-07-18,159343.47559389594
2019-07-19,161467.72103705056
2019-07-20,162892.19951437187
2019-07-21,161978.74275251548
2019-07-22,161837.48817274967
2019-07-23,161839.9383041309
2019-07-24,161786.11820371408
2019-07-25,161539.91827145623
2019-07-26,160309.57212740637
2019-07-27,159477.9964351039
2019-07-28,158944.9090781736
2019-07-29,158864.8265365711
2019-07-30,158389.9641222641
2019-07-31,158460.2095689723
2019-08-01,160153.42891328497
2019-08-02,161292.07725627327
2019-08-03,162223.93981030444
2019-08-04,162652.60861250787
2019-08-05,166251.88844995748
2019-08-06,168287.467920441
2019-08-07,167792.79131958232
2019-08-08,167705.01404993955
2019-08-09,167592.13605036173
2019-08-10,166305.56482376807
2019-08-11,166180.0777142427
2019-08-12,166058.80811863113
2019-08-13,163982.57695647774
2019-08-14,164181.60198565593
2019-08-15,162958.5114865152
2019-08-16,162896.70592906844
2019-08-17,162555.7140213076
2019-08-18,162682.07612140983
2019-08-19,164341.11220682334
2019-08-20,165154.3075435449
2019-08-21,163307.64802008038
2019-08-22,163153.26237493806
2019-08-23,163173.41397506814
2019-08-24,162904.22432933742
2019-08-25,162869.97387234427
2019-08-26,162734.69396056645
2019-08-27,162337.82305129565
2019-08-28,162466.9570023888
2019-08-29,162513.40106535103
2019-08-30,162312.8371123451
2019-08-31,162204.07271426014
2019-09-01,162585.96068221985
2019-09-02,164558.72498506127
2019-09-03,166936.80911178258
2019-09-04,166900.40821974698
2019-09-05,166674.1231745798
2019-09-06,166504.3745894656
2019-09-07,165854.20207509527
2019-09-08,165822.18618055506
2019-09-09,164715.76243553174
2019-09-10,164684.68913980408
2019-09-11,164660.6601193785
2019-09-12,164543.62678956205
2019-09-13,164181.95847731267
2019-09-14,164195.5590889619
2019-09-15,164133.73682797205
2019-09-16,164093.20989381726
2019-09-17,164055.49733595908
2019-09-18,163694.52053592098
2019-09-19,163670.5970579564
2019-09-20,163226.78502412065
2019-09-21,162732.80770351551
2019-09-22,162617.09574217626
2019-09-23,162676.37581950257
2019-09-24,164175.93448243084
2019-09-25,164193.21306809914
2019-09-26,164289.18010732997
2019-09-27,164222.3715082621
2019-09-28,164174.62030035182
2019-09-29,163783.6138841038
2019-09-30,163813.6392660346
2019-10-01,163800.24346305226
2019-10-02,163215.84121132502
2019-10-03,163105.57357997593
2019-10-04,163083.39106795285
2019-10-05,163059.7080637247
2019-10-06,163038.94776786445
2019-10-07,163097.6260246062
2019-10-08,163780.40784388027
2019-10-09,164622.70643135827
2019-10-10,165332.01437051382
2019-10-11,165192.81350804665
2019-10-12,165115.10920556443
2019-10-13,165093.31371420805
2019-10-14,164913.10362262238
2019-10-15,164900.15733363386
2019-10-16,164899.23774160678
2019-10-17,164891.48625639366
2019-10-18,164873.18178921714
2019-10-19,164841.27931870837
2019-10-20,164914.88440528474
2019-10-21,165499.20820302085
2019-10-22,165189.00789277293
2019-10-23,165448.42055063194
2019-10-24,164523.95685985082
2019-10-25,166159.92542460127
2019-10-26,172508.2801734158
2019-10-27,173036.44580863276
2019-10-28,173666.2310675392
2019-10-29,172694.9347228991
2019-10-30,172692.9540178118
2019-10-31,172661.27439823432
2019-11-01,172628.4060658579
2019-11-02,172573.06170948627
2019-11-03,172295.6473546097
2019-11-04,172270.5423028967
2019-11-05,172248.58807168482
2019-11-06,172203.90501157596
2019-11-07,171809.0900112567
2019-11-08,171866.44825971103
2019-11-09,171842.30264381846
2019-11-10,171783.57725714435
2019-11-11,171528.7449806881
2019-11-12,171501.27372907888
2019-11-13,171468.91595929
2019-11-14,171232.29871407355
2019-11-15,171223.15794196937
2019-11-16,171193.73871151052
2019-11-17,171144.02597591703
2019-11-18,170471.78991715665
2019-11-19,170417.15972229003
2019-11-20,170417.3667373986
2019-11-21,170509.68796252648
2019-11-22,170417.40570993873
2019-11-23,170401.26224631612
2019-11-24,169292.09497951958
2019-11-25,169017.80762670192
2019-11-26,168917.43440300983
2019-11-27,169461.34413972968
2019-11-28,170802.1436554012
2019-11-29,171073.24574831105
2019-11-30,171364.20578633496
2019-12-01,170084.02094823273
2019-12-02,170054.31194926144
2019-12-03,170040.34131276753
2019-12-04,169964.80427760113
2019-12-05,170648.0740482084
2019-12-06,170566.9320135108
2019-12-07,170555.088176713
2019-12-08,170366.0560075109
2019-12-09,170367.60828287923
2019-12-10,170277.07088986423
2019-12-11,170205.01733571733
2019-12-12,170183.0600331887
2019-12-13,170171.5245684249
2019-12-14,169910.78627782606
2019-12-15,169883.0536566306
2019-12-16,169901.55057707033
2019-12-17,169999.79296105454
2019-12-18,170584.94586642148
2019-12-19,171791.24449220562
2019-12-20,171644.13310204618
2019-12-21,171486.34351043781
2019-12-22,171466.5636100127
2019-12-23,172153.49675054796
2019-12-24,171548.39741922298
2019-12-25,171525.56019666992
2019-12-26,171501.14276896114
2019-12-27,171272.5305303206
2019-12-28,171251.94186508318
2019-12-29,171373.79598019333
2019-12-30,171188.34699377572
2019-12-31,171161.7895983642
2020-01-01,171131.3990134722
2020-01-02,171186.24359608124
2020-01-03,171349.93723783427
2020-01-04,172231.862987216
2020-01-05,172709.35393038963
2020-01-06,173465.75463621857
2020-01-07,175595.4299679813
2020-01-08,176707.38215366378
2020-01-09,175465.95514034803
2020-01-10,175508.2370285517
2020-01-11,175521.79330603976
2020-01-12,175425.60242130206
2020-01-13,175367.46001431264
2020-01-14,177479.21413845333
2020-01-15,178708.97964809847
2020-01-16,178290.09985721996
2020-01-17,177728.12641342598
2020-01-18,178149.6021663957
2020-01-19,178092.42499564588
2020-01-20,178089.74717175294
2020-01-21,177945.43119057245
2020-01-22,177877.34535430212
2020-01-23,177050.68384656598
2020-01-24,177022.44849033447
2020-01-25,177008.47568748926
2020-01-26,177026.4851983348
2020-01-27,178584.65241277503
2020-01-28,180448.1846318044
2020-01-29,181490.26001564797
2020-01-30,181739.94782882574
2020-01-31,181673.02325833807
2020-02-01,181512.16800780245
2020-02-02,181352.18523483284
2020-02-03,181343.64658468423
2020-02-04,180571.54477520788
2020-02-05,180551.56458491905
2020-02-06,181509.7799720481
2020-02-07,181936.22929117188
2020-02-08,181797.7738403173
2020-02-09,181734.55420274648
2020-02-10,181703.63235207455
2020-02-11,181745.55141201903
2020-02-12,181732.65137265238
2020-02-13,181047.78940544833
2020-02-14,181022.15551020697
2020-02-15,181243.17901853577
2020-02-16,181192.85678545677
2020-02-17,181267.08352551993
2020-02-18,181338.25923053012
2020-02-19,181650.53114867923
2020-02-20,180173.43271663727
2020-02-21,180141.28649330168
2020-02-22,179957.81303944188
2020-02-23,179988.04703259905
2020-02-24,179812.67736855263
2020-02-25,179883.2672827771
2020-02-26,180117.2117356079
2020-02-27,179907.98705097943
2020-02-28,179896.55192619408
2020-02-29,179831.25204279405
2020-03-01,179798.64860623138
2020-03-02,179890.3361607112
2020-03-03,180220.50311764533
2020-03-04,180078.6052488606
2020-03-05,180174.03854062554
2020-03-06,180650.39115786023
2020-03-07,180305.55767732533
2020-03-08,180988.74518808947
2020-03-09,181068.3823652707
2020-03-10,180975.11119921337
2020-03-11,180117.4240681352
2020-03-12,186277.54343322472
2020-03-13,186809.75854221694
2020-03-14,186817.0646370839
2020-03-15,187516.07364097115
2020-03-16,184629.7244549914
2020-03-17,184640.168158414
2020-03-18,184740.58927724554
2020-03-19,188373.6257800285
2020-03-20,191735.22495650614
2020-03-21,190464.1730527738
2020-03-22,190435.4759994769
2020-03-23,190558.97990510185
2020-03-24,193300.53935860825
2020-03-25,193917.99679178977
2020-03-26,193561.17587896934
2020-03-27,193486.02605962355
2020-03-28,193456.85087645482
2020-03-29,193436.11284969532
2020-03-30,193508.10416160108
2020-03-31,194759.85064778142
2020-04-01,194514.70451224846
2020-04-02,194502.02508333052
2020-04-03,194424.92207611748
2020-04-04,194351.55058883145
2020-04-05,194292.98924630924
2020-04-06,195616.25378550115
2020-04-07,196910.16549808596
2020-04-08,196695.96103313292
2020-04-09,196637.65221932952
2020-04-10,196638.04282350303
2020-04-11,191949.84780854435
2020-04-12,191566.73706549863
2020-04-13,190634.24907768625
2020-04-14,190580.27961220205
2020-04-15,189903.85656879112
2020-04-16,189964.16420678893
2020-04-17,191243.87652685968
2020-04-18,190572.15121584487
2020-04-19,190781.30303197596
2020-04-20,189904.749564927
2020-04-21,189703.70772623864
2020-04-22,189318.83048826797
2020-04-23,189293.3503245888
2020-04-24,190302.257982724
2020-04-25,190660.67353567574
2020-04-26,190792.20927530434
2020-04-27,191214.40882020385
2020-04-28,191160.33511484278
2020-04-29,194509.15432927918
2020-04-30,198412.7099079769
2020-05-01,197572.7065740805
2020-05-02,197522.9543702644
2020-05-03,197498.06534016845
2020-05-04,196544.49316590573
2020-05-05,196494.28581184184
2020-05-06,197334.69559227335
2020-05-07,199401.6909187452
2020-05-08,201069.83448575
2020-05-09,200370.343602497
2020-05-10,200791.04918519236
2020-05-11,200814.36145563232
2020-05-12,200792.3502905613
2020-05-13,202272.758144289
2020-05-14,204673.47737810237
2020-05-15,204626.9616692009
2020-05-16,204380.77936706782
2020-05-17,204370.3047637908
2020-05-18,204330.79670946993
2020-05-19,204039.58365255783
2020-05-20,203879.84908359338
2020-05-21,204085.22018351973
2020-05-22,204015.5883014448
2020-05-23,203907.09852177656
2020-05-24,203227.34299621487
2020-05-25,203206.71550273933
2020-05-26,203178.8899509074
2020-05-27,203893.60478449764
2020-05-28,205538.05345277817
2020-05-29,205357.04851193217
2020-05-30,205650.42031902468
2020-05-31,205808.0319995302
2020-06-01,207461.84959408687
2020-06-02,207673.45583588802
2020-06-03,207657.87010508668
2020-06-04,207631.32136256978
2020-06-05,207849.57761810368
2020-06-06,207080.33207448298
2020-06-07,207050.06604213896
2020-06-08,206973.6010021294
2020-06-09,206386.15629685452
2020-06-10,206635.7419925002
2020-06-11,205843.0933535389
2020-06-12,205648.00305711658
2020-06-13,205429.5729646546
2020-06-14,205125.3695385091
2020-06-15,205107.73089028927
2020-06-16,205022.7393438636
2020-06-17,204738.5832500835
2020-06-18,204715.4372309063
2020-06-19,204666.87494630076
2020-06-20,204448.03213851523
2020-06-21,204414.1148386519
2020-06-22,205076.08269692183
2020-06-23,205468.72110776158
2020-06-24,204923.84948667994
2020-06-25,204914.2052391771
2020-06-26,204774.01105863374
2020-06-27,204635.9841834183
2020-06-28,204620.52689691263
2020-06-29,204523.76143100916
2020-06-30,204502.03095277515
2020-07-01,204166.13573587773
2020-07-02,203426.13800048665
2020-07-03,203378.02536342552
2020-07-04,203326.89082224746
2020-07-05,203294.29630046478
2020-07-06,203452.40422218892
2020-07-07,203718.97049165517
2020-07-08,204070.02779043102
2020-07-09,204000.88024335608
2020-07-10,203978.197088421
2020-07-11,203493.38050623823
2020-07-12,203429.96405148707
2020-07-13,203446.50439027417
2020-07-14,203254.32805691156
2020-07-15,203233.59389994055
2020-07-16,203207.88034297028
2020-07-17,203191.27872853854
2020-07-18,203170.6572775509
2020-07-19,203058.98577601026
2020-07-20,203040.5831135327
2020-07-21,203567.82545698868
2020-07-22,204043.51540229935
2020-07-23,204634.61382188086
2020-07-24,204435.28390526594
2020-07-25,204789.03049572388
2020-07-26,206023.7826109
2020-07-27,211676.24916122344
2020-07-28,213664.9651611036
2020-07-29,214712.9789292177
2020-07-30,214367.86990474362
2020-07-31,214369.20680024935
2020-08-01,214441.5471173682
2020-08-02,215034.77424352025
2020-08-03,213701.86051325375
2020-08-04,213665.0054008502
2020-08-05,214813.2184141895
2020-08-06,216083.83826210687
2020-08-07,215609.08317775675
2020-08-08,215518.73799963453
2020-08-09,215497.14853768607
2020-08-10,215466.09861375258
2020-08-11,215707.4867165859
2020-08-12,215670.91010282893
2020-08-13,215641.08409080532
2020-08-14,217519.91789292882
2020-08-15,217205.47271550147
2020-08-16,217173.09752925852
2020-08-17,217193.6833279416
2020-08-18,217549.28526952214
2020-08-19,216276.0153645123
2020-08-20,216220.76303452588
2020-08-21,216285.63879748553
2020-08-22,216258.2961784804
2020-08-23,216218.4332263522
2020-08-24,216542.65202598457
2020-08-25,215579.20323165768
2020-08-26,214412.04259234015
2020-08-27,214407.77710380687
2020-08-28,214389.70159522403
2020-08-29,214795.35338939918
2020-08-30,215122.59484001526
2020-08-31,215290.9065817363
2020-09-01,215500.95255046402
2020-09-02,214783.7468242247
2020-09-03,216224.268929184
2020-09-04,216070.11928080418
2020-09-05,216121.44602182016
2020-09-06,216104.85101848212
2020-09-07,216066.0777273304
2020-09-08,216066.77481983282
2020-09-09,216034.26160196943
2020-09-10,216775.15116550087
2020-09-11,216323.81203524148
2020-09-12,216264.54002668674
2020-09-13,216081.25069905588
2020-09-14,216181.98975705355
2020-09-15,217398.71153551294
2020-09-16,217809.001393097
2020-09-17,217763.7238745579
2020-09-18,217836.2477350173
2020-09-19,218262.12649125775
2020-09-20,217862.66490871474
2020-09-21,218013.30991947494
2020-09-22,218005.14175135214
2020-09-23,218016.3152967627
2020-09-24,218144.76115007227
2020-09-25,218923.50159802346
2020-09-26,219083.46805305054
2020-09-27,218980.81468950832
2020-09-28,218953.88314944407
2020-09-29,218585.2858553844
2020-09-30,218555.14188809833
2020-10-01,218210.81201588255
2020-10-02,217997.05961224294
2020-10-03,216626.9064184782
2020-10-04,216777.70356522084
2020-10-05,217067.37836417
2020-10-06,216854.07361860207
2020-10-07,216828.8789361822
2020-10-08,216786.8566654583
2020-10-09,216790.53763968532
2020-10-10,218050.7663482597
2020-10-11,218560.1235145731
2020-10-12,219111.0816851152
2020-10-13,218913.71308131146
2020-10-14,218729.30568952783
2020-10-15,218696.95907513757
2020-10-16,218686.87505845024
2020-10-17,218664.4905436042
2020-10-18,218658.93744094475
2020-10-19,219529.2162114387
2020-10-20,220612.1598106771
2020-10-21,224574.34625528252
2020-10-22,226857.26738055865
2020-10-23,226339.99755422457
2020-10-24,225996.16765411868
2020-10-25,226433.2076975729
2020-10-26,225978.53539597546
2020-10-27,226246.6044829487
2020-10-28,226314.5513243634
2020-10-29,226289.15983894863
2020-10-30,226233.7711511352
2020-10-31,227702.39984405207
2020-11-01,227682.2334040301
2020-11-02,226679.48889969545
2020-11-03,226731.9822880321
2020-11-04,226720.71506356544
2020-11-05,232500.08733694715
2020-11-06,236077.80292343878
2020-11-07,233752.12350314876
2020-11-08,233858.07731079415
2020-11-09,234479.20972270268
2020-11-10,234283.09481003296
2020-11-11,234292.26567433967
2020-11-12,235734.93469935906
2020-11-13,237173.23913358353
2020-11-14,236265.319408243
2020-11-15,236168.0647450204
2020-11-16,236305.91059776893
2020-11-17,236588.58307149744
2020-11-18,239826.05367809802
2020-11-19,239189.927276153
2020-11-20,238749.4078529133
2020-11-21,240674.1800049697
2020-11-22,238279.71024527657
2020-11-23,238254.0942510065
2020-11-24,240051.65234102437
2020-11-25,241350.1835542181
2020-11-26,235955.5362789788
2020-11-27,235788.94115923828
2020-11-28,235840.0072870311
2020-11-29,235850.04808278935
2020-11-30,241361.3275171859
2020-12-01,242261.02988557128
2020-12-02,240804.0750573007
2020-12-03,240714.63284492437
2020-12-04,240959.77074410228
2020-12-05,239884.40034223895
2020-12-06,239819.89248052015
2020-12-07,239463.36806552176
2020-12-08,237809.3795848167
2020-12-09,237750.61059118505
2020-12-10,237745.83444271874
2020-12-11,237675.5790711707
2020-12-12,237686.65800045588
2020-12-13,240373.54504929506
2020-12-14,240749.1180043598
2020-12-15,241380.48844115806
2020-12-16,247651.23838100288
2020-12-17,259431.5673475985
2020-12-18,261726.34782615682
2020-12-19,265732.34747037105
2020-12-20,267037.4282039394
2020-12-21,263436.373384687
2020-12-22,263460.0893644934
2020-12-23,263522.55730791914
2020-12-24,262640.92811352474
2020-12-25,262630.7513648274
2020-12-26,268844.8746131389
2020-12-27,276684.9344097232
2020-12-28,274842.8953578967
2020-12-29,274730.116408675
2020-12-30,274305.9709005293
2020-12-31,273586.13901802816
2021-01-01,275727.58189304895
2021-01-02,286342.9761553999
2021-01-03,297681.1788303047
2021-01-04,285000.22652848624
2021-01-05,285426.12295147905
2021-01-06,286438.0890732209
2021-01-07,300864.3003559209
2021-01-08,306481.1021585574
2021-01-09,310922.14552333346
2021-01-10,303255.6220121703
2021-01-11,306303.4509496306
2021-01-12,307140.01088772184
2021-01-13,308105.02931455476
2021-01-14,324641.5311200986
2021-01-15,317841.9031178702
2021-01-16,317404.20684961777
2021-01-17,317474.5699134502
2021-01-18,317298.09231489664
2021-01-19,321139.50437269884
2021-01-20,311281.96649414947
2021-01-21,315318.4943391676
2021-01-22,315620.25571199204
2021-01-23,315725.04986268404
2021-01-24,313455.08494356246
2021-01-25,312808.9161481126
2021-01-26,305143.5386713024
2021-01-27,305737.8604543266
2021-01-28,306771.8575005222
2021-01-29,323279.4496867082
2021-01-30,315750.33360709733
2021-01-31,315815.02936778846
2021-02-01,314520.74601548293
2021-02-02,320712.5121712058
2021-02-03,330069.273806939
2021-02-04,334878.132058175
2021-02-05,333816.9111466969
2021-02-06,333135.0834254846
2021-02-07,328016.2173064871
2021-02-08,333425.0138025151
2021-02-09,355732.6940114624
2021-02-10,348649.46692259057
2021-02-11,348385.6648514847
2021-02-12,353085.3694684012
2021-02-13,350662.2619584047
2021-02-14,349540.8951833054
2021-02-15,349305.3348613503
2021-02-16,349065.8216938879
2021-02-17,349388.4172772057
2021-02-18,353778.7598921455
2021-02-19,363446.42110440944
2021-02-20,370279.2326041423
2021-02-21,374543.87561268825
2021-02-22,354820.0021038457
2021-02-23,358665.9904639106
2021-02-24,358404.97830931516
2021-02-25,359223.01247395435
2021-02-26,342548.7585873875
2021-02-27,340821.6632326485
2021-02-28,332170.1118163414
2021-03-01,333722.6903789759
2021-03-02,339449.4014692303
2021-03-03,348310.19192735746
2021-03-04,344495.1006792051
2021-03-05,343899.9829377398
2021-03-06,343558.16556093737
2021-03-07,353256.7050101019
2021-03-08,356900.06835610385
2021-03-09,370175.6451788724
2021-03-10,373557.2243102611
2021-03-11,379362.1964193196
2021-03-12,381072.8522200045
2021-03-13,394399.6184206514
2021-03-14,403804.39167819725
2021-03-15,389273.18141550885
2021-03-16,389051.94330659707
2021-03-17,389016.0298113738
2021-03-18,388831.7110331821
2021-03-19,391955.1729171176
2021-03-20,396876.49564424984
2021-03-21,386123.3573097771
2021-03-22,386915.11896151945
2021-03-23,386558.7808895818
2021-03-24,385610.2783266486
2021-03-25,368773.5964732618
2021-03-26,369924.90856064
2021-03-27,378356.7429914186
2021-03-28,380187.15229477827
2021-03-29,384785.14627020864
2021-03-30,392742.1077125905
2021-03-31,392171.9993061104
2021-04-01,392784.1002914673
2021-04-02,394928.6639428826
2021-04-03,390445.8763066444
2021-04-04,390389.24415632157
2021-04-05,390211.7980898522
2021-04-06,389429.97012015816
2021-04-07,390002.4788585513
2021-04-08,389495.5727494813
2021-04-09,389187.3608005318
2021-04-10,394870.1261724627
2021-04-11,396514.7418204751
2021-04-12,396000.76948537433
2021-04-13,403929.00553692377
2021-04-14,409083.022368035
2021-04-15,407796.9992013965
2021-04-16,407578.3938335646
2021-04-17,407362.9108664651
2021-04-18,411135.5549056757
2021-04-19,411049.5697212011
2021-04-20,410940.3264273819
2021-04-21,410464.2911983409
2021-04-22,411230.9738403318
2021-04-23,411255.39665427885
2021-04-24,411116.5562312484
2021-04-25,403902.0615057696
2021-04-26,408229.45890682266
2021-04-27,408530.4571698647
2021-04-28,411134.0298261241
2021-04-29,404853.3379220851
2021-04-30,407246.90169035876
2021-05-01,417735.68635502644
2021-05-02,414046.88452978065
2021-05-03,413561.94345751265
2021-05-04,403158.9167571566
2021-05-05,405048.9413864203
2021-05-06,411766.62208341155
2021-05-07,411611.85287600383
2021-05-08,417335.2808789485
2021-05-09,415252.0302804584
2021-05-10,415406.9241940683
2021-05-11,415312.9704422562
2021-05-12,421375.8046233518
2021-05-13,420752.73920088157
2021-05-14,420578.4261832092
2021-05-15,413957.4521596166
2021-05-16,413782.53373174067
2021-05-17,414525.0185296958
2021-05-18,413272.9143940011
2021-05-19,418623.17043922935
2021-05-20,420516.0290917904
2021-05-21,416837.69206477306
2021-05-22,416581.4653298555
2021-05-23,417250.3730500718
2021-05-24,419349.5950516821
2021-05-25,424174.71255825524
2021-05-26,428498.7844457646
2021-05-27,425356.99046928925
2021-05-28,425855.86279737094
2021-05-29,425757.0367706647
2021-05-30,424655.7257607028
2021-05-31,424996.8682565426
2021-06-01,429823.3217148456
2021-06-02,431096.7585640694
2021-06-03,437497.6359321594
2021-06-04,431801.88856031734
2021-06-05,431725.95698344614
2021-06-06,431475.84233955806
2021-06-07,431409.44837063755
2021-06-08,431545.7845050099
2021-06-09,433715.8856687511
2021-06-10,444179.45305470505
2021-06-11,440174.2480288344
2021-06-12,440168.1704516676
2021-06-13,441653.56901092746
2021-06-14,455454.7915428567
2021-06-15,458442.42985559045
2021-06-16,451989.95993729593
2021-06-17,451792.1920494886
2021-06-18,448839.2657808375
2021-06-19,446999.4618397369
2021-06-20,445586.51438978704
2021-06-21,447712.00164293736
2021-06-22,447247.0323865551
2021-06-23,445481.0857459031
2021-06-24,448176.58389993163
2021-06-25,447182.9002572837
2021-06-26,447267.6227303355
2021-06-27,447443.483800103
2021-06-28,453116.6873389868
2021-06-29,457407.93998916144
2021-06-30,455309.07954556507
2021-07-01,455437.1525898582
2021-07-02,455200.6763295224
2021-07-03,454818.2952861114
2021-07-04,459179.8896379534
2021-07-05,454490.3615692997
2021-07-06,454359.7611332842
2021-07-07,453960.29437646293
2021-07-08,447177.18171905953
2021-07-09,444988.4469183394
2021-07-10,444827.3703541446
2021-07-11,446193.4417344336
2021-07-12,444246.46610994526
2021-07-13,442225.9690801166
2021-07-14,441887.2208109412
2021-07-15,441861.61353488953
2021-07-16,441351.5708462256
2021-07-17,441249.82595169166
2021-07-18,440509.486828183
2021-07-19,437807.7905249614
2021-07-20,437909.3831647437
2021-07-21,436219.5723015996
2021-07-22,440835.66447671753
2021-07-23,444054.6369862583
2021-07-24,449788.35532504896
2021-07-25,451432.0485839454
2021-07-26,470810.2556792592
2021-07-27,470376.3696244628
2021-07-28,482582.4406981423
2021-07-29,483113.46651037957
2021-07-30,485682.75159923075
2021-07-31,494445.3309438161
2021-08-01,490393.9468608807
2021-08-02,490487.101692457
2021-08-03,490638.00013296894
2021-08-04,490195.0892505131
2021-08-05,493147.0011181474
2021-08-06,504231.10758957325
2021-08-07,514994.58249094256
2021-08-08,518721.3386498433
2021-08-09,521174.6769287567
2021-08-10,527237.6254289553
2021-08-11,528886.1959828193
2021-08-12,522914.39924938703
2021-08-13,524106.58180475864
2021-08-14,528629.2564081809
2021-08-15,525093.1565184777
2021-08-16,525353.8193271714
2021-08-17,521019.3823260277
2021-08-18,520295.8708218452
2021-08-19,519664.17495748075
2021-08-20,530835.0393263762
2021-08-21,536124.5518234413
2021-08-22,534809.2594711995
2021-08-23,534691.693205466
2021-08-24,535342.6367958054
2021-08-25,534547.7320207959
2021-08-26,534505.517461671
2021-08-27,534841.0635050536
2021-08-28,534747.4639520394
2021-08-29,533226.4335707055
2021-08-30,533620.7368919414
2021-08-31,532711.8435970779
2021-09-01,532619.1519816241
2021-09-02,539837.1879039393
2021-09-03,540199.0163738856
2021-09-04,541725.7894201113
2021-09-05,544607.9391324075
2021-09-06,550176.5102865373
2021-09-07,535300.620742909
2021-09-08,534393.2538497528
2021-09-09,534157.1131486401
2021-09-10,530733.6991525815
2021-09-11,530379.6522737717
2021-09-12,528542.21160385
2021-09-13,526276.0451177858
2021-09-14,526923.0911484654
2021-09-15,534487.4324302445
2021-09-16,534894.3780258761
2021-09-17,533366.8323347273
2021-09-18,532770.1680974286
2021-09-19,530199.8389845447
2021-09-20,533461.0041817575
2021-09-21,534382.5665150946
2021-09-22,535728.4307762821
2021-09-23,543875.4720813794
2021-09-24,538894.4279468944
2021-09-25,538353.5679243114
2021-09-26,537629.2102929603
2021-09-27,541718.8669545582
2021-09-28,534941.2961117143
2021-09-29,534594.9898665291
2021-09-30,535312.7024542068
2021-10-01,552451.53495368
2021-10-02,562963.3876897063
2021-10-03,564266.6136229131
2021-10-04,564783.9070899929
2021-10-05,577410.8595895882
2021-10-06,593715.7326390096
2021-10-07,599065.9554590369
2021-10-08,601196.7255291279
2021-10-09,599538.5578324675
2021-10-10,598848.4947115134
2021-10-11,599249.2021959559
2021-10-12,598871.44710129
2021-10-13,598406.8127011891
2021-10-14,597767.4394133196
2021-10-15,609096.7469858746
2021-10-16,616166.5824389703
2021-10-17,611476.0265828649
2021-10-18,611206.6749557707
2021-10-19,619160.7183479265
2021-10-20,625313.2511111705
2021-10-21,620828.1490637169
2021-10-22,620036.9816918863
2021-10-23,619711.3347920419
2021-10-24,618152.9907812411
2021-10-25,618136.5828387551
2021-10-26,616532.6745722753
2021-10-27,616730.2141778192
2021-10-28,616053.9245145086
2021-10-29,622853.7933512866
2021-10-30,622074.610204702
2021-10-31,618667.5937058458
2021-11-01,618430.884044589
2021-11-02,618676.0713356434
2021-11-03,618015.8963887796
2021-11-04,617495.2502780787
2021-11-05,614973.2074797082
2021-11-06,614256.8238147643
2021-11-07,614481.3668313033
2021-11-08,630870.2039390537
2021-11-09,640783.828271794
2021-11-10,632551.6707131662
2021-11-11,631917.8679942635
2021-11-12,631705.0929804182
2021-11-13,631499.7544357412
2021-11-14,630761.2477113935
2021-11-15,632675.9732125778
2021-11-16,617994.6720257719
2021-11-17,617911.386488547
2021-11-18,618646.605712072
2021-11-19,618444.7664593866
2021-11-20,617194.7855180944
2021-11-21,619844.7601886047
2021-11-22,611933.8989035552
2021-11-23,612086.1549471995
2021-11-24,611437.8800015016
2021-11-25,610714.4851299361
2021-11-26,603736.2240708009
2021-11-27,603327.8910310252
2021-11-28,603824.4938330175
2021-11-29,614803.7850439777
2021-11-30,613437.521710309
2021-12-01,613280.9524319095
2021-12-02,607059.1059924607
2021-12-03,608078.9421711263
2021-12-04,612119.5531098514
2021-12-05,612000.233435127
2021-12-06,613496.7412902866
2021-12-07,622286.8880867644
2021-12-08,614631.1151056904
2021-12-09,615401.4287466609
2021-12-10,615124.2285502537
2021-12-11,616025.2549210517
2021-12-12,616155.31239612
2021-12-13,609497.6742379514
2021-12-14,609137.4186014822
2021-12-15,609992.8506951713
2021-12-16,609198.0129223746
2021-12-17,601449.7461112696
2021-12-18,600591.0221619329
2021-12-19,600211.4559276208
2021-12-20,595943.9035415354
2021-12-21,596727.5059808802
2021-12-22,600809.9726720919
2021-12-23,604625.8613976
2021-12-24,611730.834794096
2021-12-25,609029.7036644279
2021-12-26,607360.0420915335
2021-12-27,606975.1310451939
2021-12-28,597280.361261965
2021-12-29,597305.0559053619
2021-12-30,597317.0612037368
2021-12-31,597171.7170133679
2022-01-01,597043.3834848743
2022-01-02,596086.8484079177
2022-01-03,590189.1949195147
2022-01-04,590081.7951432721
2022-01-05,590712.985114298
2022-01-06,590730.1910229449
2022-01-07,591032.8667797673
2022-01-08,590041.2228099315
2022-01-09,589937.5900387992
2022-01-10,584386.3299289319
2022-01-11,584482.887586014
2022-01-12,588276.1272375641
2022-01-13,588654.1551865599
2022-01-14,584179.5295444335
2022-01-15,583893.1532574575
2022-01-16,582818.4877929365
2022-01-17,582749.1193232159
2022-01-18,582677.2475278935
2022-01-19,582607.0559075535
2022-01-20,581654.2238712327
2022-01-21,570112.3312169218
2022-01-22,569895.7264049357
2022-01-23,570434.454945515
2022-01-24,568663.756839491
2022-01-25,568698.2455189517
2022-01-26,573214.5258879187
2022-01-27,566510.7653402017
2022-01-28,566550.7110986754
2022-01-29,570594.7841479243
2022-01-30,569769.733916988
2022-01-31,569374.2196228656
2022-02-01,569389.2769683137
2022-02-02,566251.0884455973
2022-02-03,566267.620754833
2022-02-04,569925.2651203481
2022-02-05,580005.3372005824
2022-02-06,581836.1678389617
2022-02-07,588333.7831623584
2022-02-08,593556.9313290172
2022-02-09,593023.3232087432
2022-02-10,592871.4278005867
2022-02-11,585460.4950917757
2022-02-12,585040.0087427603
2022-02-13,584851.002093286
2022-02-14,584737.6477671427
2022-02-15,585315.5660801849
2022-02-16,587160.8753131374
2022-02-17,580385.240915767
2022-02-18,580392.8533647317
2022-02-19,580082.4540006458
2022-02-20,577094.0383231854
2022-02-21,576937.300986547
2022-02-22,576809.5770143021
2022-02-23,576892.0157544457
2022-02-24,570332.3561016025
2022-02-25,570603.4876442137
2022-02-26,572741.844734999
2022-02-27,569011.0094849532
2022-02-28,573775.3944347645
2022-03-01,589657.311457638
2022-03-02,591562.6710161588
2022-03-03,584870.4488282583
2022-03-04,586015.9161181638
2022-03-05,585949.219536541
2022-03-06,583034.4524399145
2022-03-07,582918.4389580331
2022-03-08,582701.2605759435
2022-03-09,593402.6945856699
2022-03-10,593197.9199163431
2022-03-11,593116.0333874857
2022-03-12,592925.7556354803
2022-03-13,592788.9100341058
2022-03-14,593177.4095317307
2022-03-15,594677.1536561401
2022-03-16,600851.9262245474
2022-03-17,603938.5204495915
2022-03-18,605286.8954956144
2022-03-19,607413.4784420745
2022-03-20,605541.3514485104
2022-03-21,605397.805874163
2022-03-22,604968.6260830332
2022-03-23,606088.3159836214
2022-03-24,610927.6754437427
2022-03-25,615173.473346697
2022-03-26,615387.9168005348
2022-03-27,621851.7656818969
2022-03-28,631200.0417347376
2022-03-29,631520.3284570482
2022-03-30,624512.6266379415
2022-03-31,624612.9891605892
2022-04-01,624546.5844963589
2022-04-02,623998.7504229016
2022-04-03,621319.7335632679
2022-04-04,619085.6344392106
2022-04-05,618910.1390238346
2022-04-06,611285.9487111911
2022-04-07,611145.5471880651
2022-04-08,608968.4548461784
2022-04-09,607148.030749073
2022-04-10,606994.821652822
2022-04-11,600888.7063699617
2022-04-12,600588.4955860904
2022-04-13,599909.0838579917
2022-04-14,600174.4690379825
2022-04-15,597846.4812879015
2022-04-16,597740.8553189093
2022-04-17,596383.0363252374
2022-04-18,596584.191225332
2022-04-19,596512.8472978912
2022-04-20,598221.6663212245
2022-04-21,597568.6972605574
2022-04-22,597652.3748356177
2022-04-23,597248.8822916516
2022-04-24,597088.9037544527
2022-04-25,597300.132831869
2022-04-26,597144.715386111
2022-04-27,597505.2703352208
2022-04-28,597522.1211350138
2022-04-29,595182.7938128114
2022-04-30,594972.350078102
2022-05-01,594940.7968832186
2022-05-02,594874.2484929429
2022-05-03,592418.9231470249
2022-05-04,593501.4271081128
2022-05-05,590732.0080675388
2022-05-06,590179.5863765703
2022-05-07,590062.6276278525
2022-05-08,590233.8612424239
2022-05-09,593282.2851922609
2022-05-10,593508.7347047781
2022-05-11,593617.6262056053
2022-05-12,593764.9327423973
2022-05-13,593574.4830167241
2022-05-14,591793.9957523115
2022-05-15,592112.7007967816
2022-05-16,592287.8559674144
2022-05-17,592324.8138607211
2022-05-18,592388.7844324629
2022-05-19,592930.1603020193
2022-05-20,592930.7702656719
2022-05-21,590872.4337269507
2022-05-22,591051.1295989997
2022-05-23,590796.1094749682
2022-05-24,590830.5824322506
2022-05-25,590517.8451964564
2022-05-26,586521.0344653878
2022-05-27,586167.4385722202
2022-05-28,586061.0389276935
2022-05-29,587538.1940837916
2022-05-30,595785.6223174187
2022-05-31,601588.9721944854
2022-06-01,596402.4171164943
2022-06-02,596431.6664692643
2022-06-03,595750.0048173
2022-06-04,594673.3720280144
2022-06-05,594559.3988939011
2022-06-06,599527.0425755025
2022-06-07,597186.4506979332
2022-06-08,594525.1315511873
2022-06-09,592965.8730892718
2022-06-10,592090.8063484605
2022-06-11,592180.7325897242
2022-06-12,592838.3366443159
2022-06-13,597560.7160976762
2022-06-14,597689.890807387
2022-06-15,597584.4955708114
2022-06-16,598245.0099683679
2022-06-17,594181.9720384456
2022-06-18,594195.5070878235
2022-06-19,594910.5897913355
2022-06-20,599411.3752170125
2022-06-21,602927.7942089043
2022-06-22,599199.5324104348
2022-06-23,599456.5439498194
2022-06-24,602275.3167398825
2022-06-25,602834.2638583345
2022-06-26,603544.266271478
2022-06-27,601586.6421055319
2022-06-28,601439.7452682363
2022-06-29,600547.7942278049
2022-06-30,600474.6064878469
2022-07-01,600144.455751515
2022-07-02,596794.3931391729
2022-07-03,596735.0220055901
2022-07-04,598955.8305758917
2022-07-05,600504.1620090931
2022-07-06,601257.1536707394
2022-07-07,605916.6234112866
2022-07-08,609934.7640063022
2022-07-09,609141.2164625244
2022-07-10,609065.5582202984
2022-07-11,609114.9937577388
2022-07-12,608889.6854780662
2022-07-13,605821.391507136
2022-07-14,605824.5468779352
2022-07-15,608256.2809542071
2022-07-16,607917.7508202908
2022-07-17,608782.7724446424
2022-07-18,611346.2575239188
2022-07-19,615811.8939632294
2022-07-20,621118.4273039988
2022-07-21,616999.0540086963
2022-07-22,616745.9414990147
2022-07-23,613270.2825495024
2022-07-24,613216.7423233497
2022-07-25,610909.0965817948
2022-07-26,610867.3013490662
2022-07-27,611869.0264256791
2022-07-28,618557.6962851002
2022-07-29,620941.412776066
2022-07-30,621836.2122456493
2022-07-31,619612.0163993166
2022-08-01,619571.8585718679
2022-08-02,619583.5793833415
2022-08-03,619209.3921135635
2022-08-04,617687.3807339373
2022-08-05,617705.557673248
2022-08-06,617844.5052871979
2022-08-07,617710.0285834271
2022-08-08,617776.6736912541
2022-08-09,616464.6342449759
2022-08-10,616101.6871743195
2022-08-11,620032.8617083371
2022-08-12,618074.1749975159
2022-08-13,618024.2653674778
2022-08-14,617913.2742016362
2022-08-15,617854.5118836925
2022-08-16,617745.219581567
2022-08-17,616517.066355482
2022-08-18,616131.4783077555
2022-08-19,618499.5754770687
2022-08-20,618611.0564858967
2022-08-21,618567.9364458314
2022-08-22,617802.4968620205
2022-08-23,617746.0317622127
2022-08-24,617999.131630706
2022-08-25,618363.2351674013
2022-08-26,615202.1128068849
2022-08-27,614887.1432913016
2022-08-28,614891.3198339099
2022-08-29,615146.2969380919
2022-08-30,615622.4552335521
2022-08-31,615769.308073237
2022-09-01,614862.1298615263
2022-09-02,614820.7534561135
2022-09-03,614777.5297506003
2022-09-04,614555.7557073364
2022-09-05,614495.649595145
2022-09-06,613065.8535721796
2022-09-07,613009.5546765985
2022-09-08,612833.8952087379
2022-09-09,619742.9968401092
2022-09-10,625507.9111335903
2022-09-11,626098.9534929212
2022-09-12,628651.9577756457
2022-09-13,626005.1632736569
2022-09-14,626098.5382313428
2022-09-15,626105.1676141238
2022-09-16,626040.2656388624
2022-09-17,626064.1617692431
2022-09-18,623680.7616928571
2022-09-19,623674.1556322797
2022-09-20,623707.7564687829
2022-09-21,622636.0758215872
2022-09-22,622925.2742755782
2022-09-23,622882.3301732964
2022-09-24,623054.2659810651
2022-09-25,621691.6234876404
2022-09-26,621723.7315643721
2022-09-27,624621.931035047
2022-09-28,621951.2282179226
2022-09-29,621837.1703326175
2022-09-30,623812.725939261
2022-10-01,622139.7320349864
2022-10-02,622120.9829292637
2022-10-03,622219.9622635362
2022-10-04,625270.786210806
2022-10-05,625825.313153627
2022-10-06,625810.2065368907
2022-10-07,623583.1644492976
2022-10-08,623557.8756008764
2022-10-09,621752.9048021652
2022-10-10,621694.6789873047
2022-10-11,621659.4471658453
2022-10-12,621456.6995811077
2022-10-13,618512.7102296968
2022-10-14,618581.9543882592
2022-10-15,616685.2141286627
2022-10-16,616698.5010179331
2022-10-17,617440.8424630584
2022-10-18,617117.7723756733
2022-10-19,616343.5863614231
2022-10-20,616004.1728677043
2022-10-21,615894.6099625156
2022-10-22,615218.9806798944
2022-10-23,616186.6174582297
2022-10-24,616146.9522906404
2022-10-25,618473.2336456487
2022-10-26,622208.5925885052
2022-10-27,622720.5723243504
2022-10-28,621881.7114834101
2022-10-29,621918.2535465253
2022-10-30,621716.6177355929
2022-10-31,621722.4489768381
2022-11-01,621637.0911940926
2022-11-02,621476.6855934841
2022-11-03,621058.572968072
2022-11-04,621738.0465393611
2022-11-05,624323.9346011755
2022-11-06,623580.6240622845
2022-11-07,623678.6193907872
2022-11-08,626723.4179837309
2022-11-09,630166.4739111592
2022-11-10,631307.8988849979
2022-11-11,631344.1369165527
2022-11-12,630143.692636545
2022-11-13,630161.5344991161
2022-11-14,630173.5376472903
2022-11-15,630165.9093716432
2022-11-16,629604.874864395
2022-11-17,629573.7235421324
2022-11-18,629542.1624129036
2022-11-19,629161.5039883588
2022-11-20,629161.7316171252
2022-11-21,629219.713340355
2022-11-22,629221.9863648972
2022-11-23,631477.9737503601
2022-11-24,632443.3205345455
2022-11-25,631537.9771604347
2022-11-26,631481.6974602293
2022-11-27,631276.4685211414
2022-11-28,631222.1459138291
2022-11-29,631237.6138108784
2022-11-30,633825.1644692197
2022-12-01,634928.0145817406
2022-12-02,634591.1462525631
2022-12-03,634552.1663687957
2022-12-04,634422.232589257
2022-12-05,634947.406233471
2022-12-06,634263.990472693
2022-12-07,634229.8976421038
2022-12-08,633200.2166313851
2022-12-09,630699.9019034061
2022-12-10,628528.3707820342
2022-12-11,628274.0869426847
2022-12-12,628232.9040734676
2022-12-13,628320.6600611141
2022-12-14,630425.6080398093
2022-12-15,628574.8180186915
2022-12-16,629066.1192040242
2022-12-17,629118.6134673073
2022-12-18,629128.6949985836
2022-12-19,628525.0264707144
2022-12-20,628559.0623820017
2022-12-21,628844.1216977261
2022-12-22,628223.8531374597
2022-12-23,628082.6573174604
2022-12-24,627997.5802178726
2022-12-25,628001.3118881768
2022-12-26,628011.8295967618
2022-12-27,627766.4578058918
2022-12-28,627758.5903263559
2022-12-29,627730.7454834157
2022-12-30,627229.296107075
2022-12-31,627210.757343332
2023-01-01,627222.3770758208
2023-01-02,627614.4828080075
2023-01-03,627685.2506738781
2023-01-04,628291.5675280275
2023-01-05,628385.9911641257
2023-01-06,628431.8939907925
2023-01-07,628717.1232003878
2023-01-08,629048.1055648931
2023-01-09,630245.8620645832
2023-01-10,630740.8780941888
2023-01-11,632765.7756022677
2023-01-12,637769.0259240967
2023-01-13,643799.4495768505
2023-01-14,651647.5943794893
2023-01-15,653546.8719620471
2023-01-16,655296.1914772623
2023-01-17,656559.030134803
2023-01-18,655447.0687109733
2023-01-19,655367.0401065602
2023-01-20,656583.4091553069
2023-01-21,656733.1517847733
2023-01-22,655931.2323977746
2023-01-23,655914.1704177005
2023-01-24,655798.0875909394
2023-01-25,655822.0672105433
2023-01-26,655729.624824226
2023-01-27,655444.0548241384
2023-01-28,655475.6222656806
2023-01-29,657441.5657746489
2023-01-30,656980.8535250463
2023-01-31,656968.2332779062
2023-02-01,657001.7970377584
2023-02-02,659446.2745552276
2023-02-03,657841.7353837864
2023-02-04,657863.5292311262
2023-02-05,658045.1290072754
2023-02-06,658107.7608957964
2023-02-07,658135.4643723179
2023-02-08,658330.443399115
2023-02-09,656053.4608719946
2023-02-10,656047.0067519953
2023-02-11,655619.4709434515
2023-02-12,655072.8368717394
2023-02-13,653576.6887041392
2023-02-14,653653.1759228898
2023-02-15,661181.1741567473
2023-02-16,667630.6213550996
2023-02-17,666703.9918180481
2023-02-18,666669.1182382051
2023-02-19,665950.2434182606
2023-02-20,664915.1868010106
2023-02-21,664986.5346101646
2023-02-22,662230.0696951657
2023-02-23,662201.0005175958
2023-02-24,659704.9360528889
2023-02-25,659725.4854087062
2023-02-26,659786.2130942892
2023-02-27,660525.6332337662
2023-02-28,659396.726112357
2023-03-01,659116.5201357182
2023-03-02,659115.7673832283
2023-03-03,656539.8802121424
2023-03-04,656552.6399745045
2023-03-05,656553.9165869866
2023-03-06,656525.977271978
2023-03-07,656489.823887774
2023-03-08,656583.6655971057
2023-03-09,657330.664328343
2023-03-10,657452.9825817416
2023-03-11,657168.3864572963
2023-03-12,662321.3187184462
2023-03-13,673601.8289841163
2023-03-14,685901.1911043903
2023-03-15,681518.7597505705
2023-03-16,681492.2097536862
2023-03-17,689627.8553079108
2023-03-18,693821.2133644159
2023-03-19,696538.8448083324
2023-03-20,697744.6859668979
2023-03-21,697989.5348673073
2023-03-22,697224.6282603986
2023-03-23,697336.9514163816
2023-03-24,697508.8523962299
2023-03-25,697447.1223030472
2023-03-26,697179.3784021536
2023-03-27,695089.1300317802
2023-03-28,695041.9283977622
2023-03-29,695272.6071398554
2023-03-30,697598.3204989438
2023-03-31,695922.870658099
2023-04-01,695881.9551592788
2023-04-02,693595.6357362194
2023-04-03,693664.4272975771
2023-04-04,693641.0290195753
2023-04-05,694715.71483643
2023-04-06,693050.0862375674
2023-04-07,692856.9888150089
2023-04-08,691668.3084321888
2023-04-09,691561.6055572898
2023-04-10,695588.3979761411
2023-04-11,700169.313720326
2023-04-12,698762.4460406826
2023-04-13,699291.9790188572
2023-04-14,700849.502702292
2023-04-15,700199.8445219996
2023-04-16,697674.4342368533
2023-04-17,697958.0758042852
2023-04-18,697780.3416585042
2023-04-19,697579.0880875405
2023-04-20,697761.1374557484
2023-04-21,697908.6900197776
2023-04-22,697606.8564525059
2023-04-23,697339.5246235598
2023-04-24,696946.1629951899
2023-04-25,697107.3987284837
2023-04-26,700846.5301249229
2023-04-27,703629.9811472999
2023-04-28,703772.7185660233
2023-04-29,703817.482489799
2023-04-30,705126.7609034479
2023-05-01,700269.3483945291
2023-05-02,700394.7342764086
2023-05-03,700360.0407392267
2023-05-04,700300.3369943382
2023-05-05,701541.6360572012
2023-05-06,701163.0833722479
2023-05-07,701259.1977843336
2023-05-08,701568.1004514273
2023-05-09,701528.4177467151
2023-05-10,700833.7065637201
2023-05-11,698963.0500613758
2023-05-12,699041.9340598509
2023-05-13,699022.4503657336
2023-05-14,699044.6616659253
2023-05-15,700492.500798
2023-05-16,699934.0168575246
2023-05-17,699811.8870718444
2023-05-18,699517.8243211168
2023-05-19,698654.8708116738
2023-05-20,698586.1038234328
2023-05-21,698146.1047717883
2023-05-22,698006.8021369594
2023-05-23,698108.7864702451
2023-05-24,698570.39208121
2023-05-25,698294.0013707601
2023-05-26,698365.9555822773
2023-05-27,698339.7330357906
2023-05-28,702748.4202937796
2023-05-29,705344.9326695616
2023-05-30,704393.3712027267
2023-05-31,703903.4243746422
2023-06-01,703802.4024248503
2023-06-02,703885.9291520905
2023-06-03,703912.7260654897
2023-06-04,703864.3339441114
2023-06-05,700681.716027623
2023-06-06,701842.3517532344
2023-06-07,703654.5046749824
2023-06-08,702641.5525925759
2023-06-09,702652.7262809111
2023-06-10,700233.0160917984
2023-06-11,700242.8040035806
2023-06-12,700256.4006919974
2023-06-13,700257.8455103685
2023-06-14,697855.6933115202
2023-06-15,697961.0101112274
2023-06-16,698226.3455253222
2023-06-17,701026.4136837551
2023-06-18,701178.7201842115
2023-06-19,702000.1896721281
2023-06-20,707189.5659454952
2023-06-21,718897.0190632198
2023-06-22,722368.8953024248
2023-06-23,725455.3639069845
2023-06-24,725030.0607878363
2023-06-25,725035.9654177163
2023-06-26,723259.619579242
2023-06-27,722786.9034713646
2023-06-28,721435.7340786348
2023-06-29,721454.0515789916
2023-06-30,721311.4261116157
2023-07-01,721447.8144929594
2023-07-02,721532.7363050502
2023-07-03,723733.0316370125
2023-07-04,723855.0140306245
2023-07-05,720759.2385239969
2023-07-06,720025.1020531135
2023-07-07,716942.1533027992
2023-07-08,716969.7825024668
2023-07-09,717118.8202822247
2023-07-10,717944.1030540955
2023-07-11,718260.484616813
2023-07-12,718407.2221544397
2023-07-13,720871.1324757945
2023-07-14,719730.1149032931
2023-07-15,719728.883000513
2023-07-16,719538.8751616223
2023-07-17,719581.643965769
2023-07-18,719625.2183225967
2023-07-19,719545.8791226152
2023-07-20,718163.232997343
2023-07-21,716561.6458726459
2023-07-22,716594.6169519424
2023-07-23,716304.005307442
2023-07-24,714474.5904540445
2023-07-25,714522.711189027
2023-07-26,714554.0392551379
2023-07-27,714201.6284699909
2023-07-28,714060.290552163
2023-07-29,714003.5337618751
2023-07-30,713664.0658034539
2023-07-31,713683.8161804271
2023-08-01,713199.4508413842
2023-08-02,713192.1767410069
2023-08-03,711807.9198627083
2023-08-04,711819.7247784218
2023-08-05,711656.3877760019
2023-08-06,711550.1280312038
2023-08-07,711241.9327859709
2023-08-08,711589.9825353859
2023-08-09,711997.887830666
2023-08-10,711011.8594244071
2023-08-11,711027.5650308812
2023-08-12,710216.4647256507
2023-08-13,709045.8530389558
2023-08-14,709114.6096027287
2023-08-15,708608.068235371
2023-08-16,708846.3617857383
2023-08-17,712216.3682772705
2023-08-18,712489.8539068681
2023-08-19,712551.086568262
2023-08-20,712585.6384296129
2023-08-21,712155.2919919469
2023-08-22,712104.0802519773
2023-08-23,712031.2960482852
2023-08-24,711782.7728036563
2023-08-25,711796.5899233605
2023-08-26,711831.8958494263
2023-08-27,711939.1323112044
2023-08-28,711841.6054654613
2023-08-29,713504.323669773
2023-08-30,715504.8087680019
2023-08-31,712348.4725659094
2023-09-01,712405.1200902672
2023-09-02,712434.4776261207
2023-09-03,712881.4650097551
2023-09-04,712506.4080731504
2023-09-05,712530.1936222309
2023-09-06,712532.8084959403
2023-09-07,712550.4220278495
2023-09-08,712751.5958883389
2023-09-09,711939.1941547176
2023-09-10,711961.127376162
2023-09-11,712137.4980679356
2023-09-12,712459.9479007913
2023-09-13,713889.3703255239
2023-09-14,715890.2621967341
2023-09-15,716191.46334433
2023-09-16,714913.9829932622
2023-09-17,714319.6958498152
2023-09-18,714396.1410698303
2023-09-19,714524.2861516159
2023-09-20,714711.8664801372
2023-09-21,713302.9880799043
2023-09-22,713257.8173340074
2023-09-23,713249.2808687184
2023-09-24,713334.458092901
2023-09-25,713376.915813252
2023-09-26,713409.0362569098
2023-09-27,714475.7720043375
2023-09-28,714862.3558833464
2023-09-29,715687.053325942
2023-09-30,714482.9455198423
2023-10-01,717803.0968492412
2023-10-02,720266.594618988
2023-10-03,717633.8062926352
2023-10-04,717706.1661762758
2023-10-05,718762.1800263444
2023-10-06,718922.1609192607
2023-10-07,719835.5655701568
2023-10-08,719620.6060885068
2023-10-09,719785.6514313598
2023-10-10,719861.2049778843
2023-10-11,719768.7485298269
2023-10-12,719539.1782538436
2023-10-13,719483.50584819
2023-10-14,719456.9876538691
2023-10-15,720288.1643211121
2023-10-16,727404.7904474154
2023-10-17,727843.4440840927
2023-10-18,728773.8612704995
2023-10-19,728779.7750788785
2023-10-20,733766.8966742365
2023-10-21,736750.3314405641
2023-10-22,737235.3433325083
2023-10-23,754046.5049398681
2023-10-24,765969.7020062788
2023-10-25,768846.7677877906
2023-10-26,768032.6357403647
2023-10-27,768152.6802077893
2023-10-28,768066.0318117052
2023-10-29,768031.3009215412
2023-10-30,768655.7902413836
2023-10-31,767968.0256927238
2023-11-01,767845.8979556352
2023-11-02,769433.9375384491
2023-11-03,766566.3238580693
2023-11-04,766405.4105464568
2023-11-05,766520.9741533005
2023-11-06,766790.700412976
2023-11-07,767661.0469981079
2023-11-08,769155.127097775
2023-11-09,775082.7372328269
2023-11-10,775634.70329259
2023-11-11,776494.301415225
2023-11-12,776069.8548615065
2023-11-13,776316.9168409383
2023-11-14,776970.6979123272
2023-11-15,777590.319280613
2023-11-16,778973.8091486881
2023-11-17,776875.6919973395
2023-11-18,776892.0301290582
2023-11-19,778712.3845674676
2023-11-20,780424.5000027167
2023-11-21,778443.0704358079
2023-11-22,775748.7996917123
2023-11-23,778011.8448940329
2023-11-24,780630.7732925722
2023-11-25,780130.0393500137
2023-11-26,780156.0638547576
2023-11-27,780209.1483402195
2023-11-28,780253.2117671673
2023-11-29,781911.4242482081
2023-11-30,781194.1418622446
2023-12-01,781281.3485717658
2023-12-02,785361.8472613976
2023-12-03,788058.8877551081
2023-12-04,796394.8246069654
2023-12-05,806755.3506933494
2023-12-06,812476.138572644
2023-12-07,810065.2765581296
2023-12-08,810141.4243641702
2023-12-09,810027.0828510111
2023-12-10,809104.4288268604
2023-12-11,810974.5462298011
2023-12-12,810973.8426064902
2023-12-13,811169.7875552861
2023-12-14,813198.2893461807
2023-12-15,811224.6653644197
2023-12-16,810084.5875305494
2023-12-17,810357.1904037142
2023-12-18,810623.8169774574
2023-12-19,810615.0106825503
2023-12-20,814015.6747888706
2023-12-21,815401.8904132568
2023-12-22,815277.6095312939
2023-12-23,814168.8747990092
2023-12-24,814384.1457398917
2023-12-25,814420.481140392
2023-12-26,814795.1629266667
2023-12-27,814869.6547069919
2023-12-28,815680.1774931116
2023-12-29,812125.0260982246
2023-12-30,812100.7490540188
2023-12-31,811875.1249246475
2024-01-01,816072.7227959693
2024-01-02,825269.7726321614
2024-01-03,815605.4402563717
2024-01-04,814955.2962544897
2024-01-05,814185.390770842
2024-01-06,814133.6173950181
2024-01-07,814974.3176848517
2024-01-08,822344.8753953231
2024-01-09,829273.0433189889
2024-01-10,824865.7075133616
2024-01-11,824997.4561242136
2024-01-12,828044.8571194203
2024-01-13,828140.552779104
2024-01-14,828118.7967532597
2024-01-15,828187.9614042441
2024-01-16,829516.6717046318
2024-01-17,828532.0198178332
2024-01-18,829029.7049354509
2024-01-19,828638.9339820028
2024-01-20,828618.319010865
2024-01-21,828638.7926027753
2024-01-22,824263.7117879362
2024-01-23,824327.1137668894
2024-01-24,824266.1899633107
2024-01-25,823592.4266365101
2024-01-26,824284.7271428396
2024-01-27,827932.8731687488
2024-01-28,829970.5976771128
2024-01-29,831808.0611556843
2024-01-30,835430.0165166205
2024-01-31,833312.8299787606
2024-02-01,833229.1043720593
2024-02-02,832319.5536973157
2024-02-03,832459.9259941096
2024-02-04,830635.6331125691
2024-02-05,830625.8157540234
2024-02-06,830658.8706434186
2024-02-07,831893.7443842684
2024-02-08,838836.2132193844
2024-02-09,848733.417327773
2024-02-10,853357.8309767102
2024-02-11,853556.8012035337
2024-02-12,859657.0846052323
2024-02-13,861578.3674805762
2024-02-14,870228.6302020957
2024-02-15,879720.4305767096
2024-02-16,879584.1912483915
2024-02-17,878593.063566057
2024-02-18,878601.0834376755
2024-02-19,878708.4222815577
2024-02-20,877560.080591261
2024-02-21,875200.886187058
2024-02-22,875507.9010503687
2024-02-23,875823.7040467389
2024-02-24,875774.7168116043
2024-02-25,876859.5594479885
2024-02-26,884748.6287537792
2024-02-27,901875.5821766012
2024-02-28,931067.1571834325
2024-02-29,942463.5461825323
2024-03-01,941849.9864365931
2024-03-02,942050.6123970278
2024-03-03,943215.8883890832
2024-03-04,960694.9505208462
2024-03-05,957807.5157803885
2024-03-06,957930.0700769578
2024-03-07,965455.3945982873
2024-03-08,971820.7916090323
2024-03-09,972793.6320377141
2024-03-10,976239.712236882
2024-03-11,981393.53999933
2024-03-12,985603.6694378708
2024-03-13,994737.3722727945
2024-03-14,987622.5980218787
2024-03-15,988041.5130637505
2024-03-16,990568.6890988596
2024-03-17,991183.5397284885
2024-03-18,991147.1029580217
2024-03-19,981354.2966809216
2024-03-20,984084.5065683222
2024-03-21,984806.6913019274
2024-03-22,975790.3526985005
2024-03-23,975532.2591832696
2024-03-24,981795.3053071066
2024-03-25,997546.8601638338
2024-03-26,1006206.9039533917
2024-03-27,1003335.8711293616
2024-03-28,1002622.1198793667
2024-03-29,999499.2402232231
2024-03-30,999103.095817908
2024-03-31,999016.6408608134
2024-04-01,995388.615398765
2024-04-02,997152.6980775669
2024-04-03,994507.5888146169
2024-04-04,992893.6769661172
2024-04-05,993070.9661408943
2024-04-06,998744.3626057165
2024-04-07,1003452.2572762745
2024-04-08,1010493.2857926203
2024-04-09,1006156.9600239194
2024-04-10,1005328.257438654
2024-04-11,1005218.463668148
2024-04-12,995219.7058279989
2024-04-13,996383.5449203413
2024-04-14,996441.5185948999
2024-04-15,995310.7079815404
2024-04-16,986728.2795190854
2024-04-17,987230.872422182
2024-04-18,984464.8313291424
2024-04-19,980465.509468797
2024-04-20,988238.6406948972
2024-04-21,991224.7808058923
2024-04-22,996110.7588210304
2024-04-23,998141.9596508157
2024-04-24,991289.9408295421
2024-04-25,991317.6965494505
2024-04-26,991285.8789789915
2024-04-27,986760.3368657045
2024-04-28,986666.7757447032
2024-04-29,984041.2027314168
2024-04-30,984874.6315515102
2024-05-01,985753.3980560757
2024-05-02,984087.2907338601
2024-05-03,986595.0589191456
2024-05-04,997666.8932841704
2024-05-05,998755.7425367131
2024-05-06,1000292.1797106571
2024-05-07,996171.9146895336
2024-05-08,995548.0896348519
2024-05-09,995600.0687539347
2024-05-10,994835.5082773411
2024-05-11,994825.1444557136
2024-05-12,994080.8552780775
2024-05-13,997028.5674757324
2024-05-14,996679.6385986272
2024-05-15,1007788.3161621299
2024-05-16,1017028.3226342027
2024-05-17,1019709.0624124572
2024-05-18,1023073.755023429
2024-05-19,1021881.8398664721
2024-05-20,1024983.9430345811
2024-05-21,1033656.4782939566
2024-05-22,1029472.4371808956
2024-05-23,1029644.8444907899
2024-05-24,1028927.6081775853
2024-05-25,1028923.6468392503
2024-05-26,1027850.1648347413
2024-05-27,1027799.1674691507
2024-05-28,1022968.5383075052
2024-05-29,1022943.5156307025
2024-05-30,1021151.8449687683
2024-05-31,1017693.3311541724
2024-06-01,1017570.6165579326
2024-06-02,1015278.8160359288
2024-06-03,1016957.6595577264
2024-06-04,1024706.2082986512
2024-06-05,1030736.9845277005
2024-06-06,1029421.8838548765
2024-06-07,1029433.4100442355
2024-06-08,1028918.8902415261
2024-06-09,1027659.2478559945
2024-06-10,1028518.2876684992
2024-06-11,1020815.2820473877
2024-06-12,1020552.2090016872
2024-06-13,1015396.7222174251
2024-06-14,1011481.3476093994
2024-06-15,1011244.583189779
2024-06-16,1010609.6921742137
2024-06-17,1009114.9264472092
2024-06-18,1009400.4524243101
2024-06-19,1003406.3912206175
2024-06-20,1003113.8761322252
2024-06-21,995921.1545245613
2024-06-22,995682.5921448527
2024-06-23,993416.2829436556
2024-06-24,995936.0435569496
2024-06-25,996759.365975414
2024-06-26,998056.4943929937
2024-06-27,997589.2448587446
2024-06-28,997854.1543745983
2024-06-29,997805.1303031384
2024-06-30,998753.702529513
2024-07-01,1005119.9080520337
2024-07-02,1001968.4234397286
2024-07-03,1002452.823306952
2024-07-04,1003931.376990117
2024-07-05,1004360.5151168404
2024-07-06,1005430.452488282
2024-07-07,1005416.1580397689
2024-07-08,1005761.3572612003
2024-07-09,1006295.8294929573
2024-07-10,1010873.4335065689
2024-07-11,1010081.3036312009
2024-07-12,1010001.8958767399
2024-07-13,1010386.3308863747
2024-07-14,1017871.7999477381
2024-07-15,1033298.1576950683
2024-07-16,1039352.499142629
2024-07-17,1045337.2238505799
2024-07-18,1040461.3946785157
2024-07-19,1041590.8607680398
2024-07-20,1041644.3831821824
2024-07-21,1042264.483541729
2024-07-22,1044301.1553573019
2024-07-23,1040117.2643717887
2024-07-24,1038559.3719954133
2024-07-25,1038257.6340527933
2024-07-26,1038728.0176254645
2024-07-27,1043654.7773019699
2024-07-28,1041429.0335987423
2024-07-29,1041796.2748658292
2024-07-30,1031706.8373870044
2024-07-31,1032112.1341750534
2024-08-01,1032130.0751707255
2024-08-02,1033993.8678931997
2024-08-03,1032451.0351753468
2024-08-04,1033719.77493198
2024-08-05,1037122.5329477087
2024-08-06,1037033.2043648042
2024-08-07,1040104.7668719958
2024-08-08,1058080.2724720482
2024-08-09,1068395.0841238606
2024-08-10,1069389.5192230144
2024-08-11,1065365.4488389536
2024-08-12,1065143.214083206
2024-08-13,1064977.579620621
2024-08-14,1063511.4097446117
2024-08-15,1053735.801371874
2024-08-16,1053906.9388598662
2024-08-17,1057593.298998121
2024-08-18,1057160.4656635053
2024-08-19,1054211.2360315407
2024-08-20,1054036.2285160061
2024-08-21,1056188.3246989925
2024-08-22,1057275.5635930328
2024-08-23,1068852.2992108935
2024-08-24,1076001.101629879
2024-08-25,1077267.0632153929
2024-08-26,1073348.5043562027
2024-08-27,1074661.821031055
2024-08-28,1074551.3096178721
2024-08-29,1074505.9762045653
2024-08-30,1068724.4063230401
2024-08-31,1068552.4287360227
2024-09-01,1062677.1765183262
2024-09-02,1062985.0629470542
2024-09-03,1064136.5910643623
2024-09-04,1054380.2227275057
2024-09-05,1054230.9547928614
2024-09-06,1054927.4810932141
2024-09-07,1048324.1999914852
2024-09-08,1048405.071958934
2024-09-09,1058052.9849752907
2024-09-10,1061978.2096756666
2024-09-11,1059560.1684515334
2024-09-12,1059600.573767518
2024-09-13,1060041.7722541974
2024-09-14,1064161.3580702087
2024-09-15,1061294.8616027029
2024-09-16,1061416.9411090284
2024-09-17,1061993.526318775
2024-09-18,1066570.819104114
2024-09-19,1077978.3851570422
2024-09-20,1079838.4542682574
2024-09-21,1079223.1617311432
2024-09-22,1076859.237610603
2024-09-23,1076833.102755244
2024-09-24,1077086.0315080585
2024-09-25,1077610.1881481207
2024-09-26,1077506.6481782673
2024-09-27,1084231.9873066035
2024-09-28,1085108.5713543226
2024-09-29,1084545.9137720442
2024-09-30,1085740.6780769539
2024-10-01,1086535.0975985825
2024-10-02,1085975.2923449075
2024-10-03,1085325.2045213338
2024-10-04,1085532.8115686697
2024-10-05,1087226.8795473543
2024-10-06,1087409.4929140878
2024-10-07,1091878.3856717052
2024-10-08,1087902.656938858
2024-10-09,1087551.465711527
2024-10-10,1087611.6867859215
2024-10-11,1088587.5541883009
2024-10-12,1094195.2575679263
2024-10-13,1091522.627601618
2024-10-14,1093419.5881384579
2024-10-15,1102036.9224354026
2024-10-16,1107755.6035748702
2024-10-17,1105340.6169799427
2024-10-18,1105143.1366475092
2024-10-19,1106051.4298094902
2024-10-20,1107814.154741171
2024-10-21,1105648.8562364604
2024-10-22,1105657.5008808377
2024-10-23,1105838.5872621743
2024-10-24,1106223.6854727347
2024-10-25,1104029.0592493413
2024-10-26,1103198.2029952703
2024-10-27,1103259.8948912665
2024-10-28,1110059.242706283
2024-10-29,1124900.188288633
2024-10-30,1126295.6043574251
2024-10-31,1119931.7180725993
2024-11-01,1120092.1258236908
2024-11-02,1120120.9322857023
2024-11-03,1119989.8693295585
2024-11-04,1120203.641467003
2024-11-05,1120460.1769693103
2024-11-06,1144120.2627384167
2024-11-07,1159060.5930175395
2024-11-08,1162414.3081276154
2024-11-09,1161658.7533898726
2024-11-10,1162468.0702086424
2024-11-11,1196742.3400373748
2024-11-12,1210895.8286772103
2024-11-13,1223047.121037299
2024-11-14,1220698.4300826117
2024-11-15,1221393.807578947
2024-11-16,1221333.784307981
2024-11-17,1217405.6591927258
2024-11-18,1217187.7532517936
2024-11-19,1222839.5425725975
2024-11-20,1226896.2374372322
2024-11-21,1243933.3465100075
2024-11-22,1253113.7426279522
2024-11-23,1251546.6983856552
2024-11-24,1250463.155322079
2024-11-25,1253497.7101225767
2024-11-26,1253909.8803630052
2024-11-27,1254278.407609198
2024-11-28,1258728.6624968909
2024-11-29,1265139.7488554192
2024-11-30,1262900.204052656
2024-12-01,1262358.7329684743
2024-12-02,1260105.9845070469
2024-12-03,1259766.3200199087
2024-12-04,1259378.581982807
2024-12-05,1264785.4822864453
2024-12-06,1266662.7538995033
2024-12-07,1269058.6615024577
2024-12-08,1270293.2856378304
2024-12-09,1260657.5979377131
